,sel,mig,pibin,pifreq
0,0.006,0.0,0,5
1,0.006,0.002,0,1
2,0.006,0.003,0,1
3,0.006,0.004,0,1
4,0.006,0.007,0,2
5,0.006,0.008,0,1
6,0.006,0.009,0,1
7,0.012,0.0,0,1394
8,0.012,0.0,5,2
9,0.012,0.001,0,847
10,0.012,0.001,1,12
11,0.012,0.001,2,19
12,0.012,0.001,3,1
13,0.012,0.001,4,18
14,0.012,0.001,5,10
15,0.012,0.001,6,4
16,0.012,0.001,7,4
17,0.012,0.001,8,3
18,0.012,0.001,9,6
19,0.012,0.001,10,12
20,0.012,0.001,11,8
21,0.012,0.001,12,9
22,0.012,0.001,13,4
23,0.012,0.002,0,765
24,0.012,0.002,1,11
25,0.012,0.002,2,9
26,0.012,0.002,3,9
27,0.012,0.002,4,8
28,0.012,0.002,5,16
29,0.012,0.002,6,18
30,0.012,0.002,7,8
31,0.012,0.002,8,17
32,0.012,0.002,9,7
33,0.012,0.002,10,21
34,0.012,0.002,11,10
35,0.012,0.002,12,6
36,0.012,0.002,13,11
37,0.012,0.002,14,10
38,0.012,0.002,15,2
39,0.012,0.002,16,7
40,0.012,0.002,17,4
41,0.012,0.003,0,721
42,0.012,0.003,1,14
43,0.012,0.003,2,12
44,0.012,0.003,3,7
45,0.012,0.003,4,28
46,0.012,0.003,5,8
47,0.012,0.003,6,29
48,0.012,0.003,7,19
49,0.012,0.003,8,22
50,0.012,0.003,9,14
51,0.012,0.003,10,17
52,0.012,0.003,11,6
53,0.012,0.003,12,6
54,0.012,0.003,13,16
55,0.012,0.003,14,8
56,0.012,0.003,15,6
57,0.012,0.003,16,3
58,0.012,0.003,17,6
59,0.012,0.003,18,5
60,0.012,0.003,20,1
61,0.012,0.004,0,753
62,0.012,0.004,1,22
63,0.012,0.004,2,16
64,0.012,0.004,3,18
65,0.012,0.004,4,14
66,0.012,0.004,5,34
67,0.012,0.004,6,9
68,0.012,0.004,7,10
69,0.012,0.004,8,7
70,0.012,0.004,9,8
71,0.012,0.004,10,1
72,0.012,0.004,11,22
73,0.012,0.004,12,14
74,0.012,0.004,13,12
75,0.012,0.004,14,12
76,0.012,0.004,15,3
77,0.012,0.004,17,3
78,0.012,0.005,0,634
79,0.012,0.005,1,27
80,0.012,0.005,2,11
81,0.012,0.005,3,12
82,0.012,0.005,4,7
83,0.012,0.005,5,9
84,0.012,0.005,6,22
85,0.012,0.005,7,8
86,0.012,0.005,8,17
87,0.012,0.005,9,10
88,0.012,0.005,10,12
89,0.012,0.005,11,9
90,0.012,0.005,12,6
91,0.012,0.005,13,5
92,0.012,0.005,16,2
93,0.012,0.005,17,1
94,0.012,0.006,0,739
95,0.012,0.006,1,31
96,0.012,0.006,2,16
97,0.012,0.006,3,20
98,0.012,0.006,4,16
99,0.012,0.006,5,14
100,0.012,0.006,6,7
101,0.012,0.006,7,29
102,0.012,0.006,8,8
103,0.012,0.006,9,15
104,0.012,0.006,10,9
105,0.012,0.006,11,11
106,0.012,0.006,12,6
107,0.012,0.006,13,8
108,0.012,0.006,14,4
109,0.012,0.006,15,1
110,0.012,0.006,17,1
111,0.012,0.006,22,1
112,0.012,0.007,0,582
113,0.012,0.007,1,9
114,0.012,0.007,2,10
115,0.012,0.007,3,26
116,0.012,0.007,4,22
117,0.012,0.007,5,21
118,0.012,0.007,6,5
119,0.012,0.007,7,12
120,0.012,0.007,8,20
121,0.012,0.007,9,8
122,0.012,0.007,10,6
123,0.012,0.007,11,6
124,0.012,0.007,12,9
125,0.012,0.007,13,17
126,0.012,0.007,14,5
127,0.012,0.007,15,7
128,0.012,0.007,18,1
129,0.012,0.008,0,680
130,0.012,0.008,1,20
131,0.012,0.008,2,13
132,0.012,0.008,3,40
133,0.012,0.008,4,18
134,0.012,0.008,5,27
135,0.012,0.008,6,12
136,0.012,0.008,7,12
137,0.012,0.008,8,27
138,0.012,0.008,9,19
139,0.012,0.008,10,7
140,0.012,0.008,11,14
141,0.012,0.008,12,8
142,0.012,0.008,13,2
143,0.012,0.008,14,7
144,0.012,0.008,15,3
145,0.012,0.008,16,1
146,0.012,0.008,17,3
147,0.012,0.009,0,778
148,0.012,0.009,1,13
149,0.012,0.009,2,9
150,0.012,0.009,3,6
151,0.012,0.009,4,12
152,0.012,0.009,5,31
153,0.012,0.009,6,14
154,0.012,0.009,7,9
155,0.012,0.009,8,8
156,0.012,0.009,9,11
157,0.012,0.009,10,22
158,0.012,0.009,11,17
159,0.012,0.009,12,4
160,0.012,0.009,13,3
161,0.012,0.009,14,5
162,0.012,0.009,16,3
163,0.012,0.009,18,3
164,0.018,0.0,0,15421
165,0.018,0.0,1,67
166,0.018,0.0,2,13
167,0.018,0.0,3,27
168,0.018,0.0,4,31
169,0.018,0.0,6,45
170,0.018,0.0,14,9
171,0.018,0.001,0,25904
172,0.018,0.001,1,848
173,0.018,0.001,2,232
174,0.018,0.001,3,262
175,0.018,0.001,4,416
176,0.018,0.001,5,234
177,0.018,0.001,6,418
178,0.018,0.001,7,321
179,0.018,0.001,8,419
180,0.018,0.001,9,447
181,0.018,0.001,10,363
182,0.018,0.001,11,344
183,0.018,0.001,12,279
184,0.018,0.001,13,264
185,0.018,0.001,14,207
186,0.018,0.001,15,138
187,0.018,0.001,16,137
188,0.018,0.001,17,74
189,0.018,0.001,18,17
190,0.018,0.001,19,27
191,0.018,0.001,20,3
192,0.018,0.001,21,9
193,0.018,0.001,22,11
194,0.018,0.002,0,28990
195,0.018,0.002,1,812
196,0.018,0.002,2,533
197,0.018,0.002,3,505
198,0.018,0.002,4,243
199,0.018,0.002,5,519
200,0.018,0.002,6,619
201,0.018,0.002,7,684
202,0.018,0.002,8,522
203,0.018,0.002,9,528
204,0.018,0.002,10,435
205,0.018,0.002,11,451
206,0.018,0.002,12,458
207,0.018,0.002,13,183
208,0.018,0.002,14,260
209,0.018,0.002,15,227
210,0.018,0.002,16,268
211,0.018,0.002,17,10
212,0.018,0.002,18,86
213,0.018,0.002,19,49
214,0.018,0.002,21,27
215,0.018,0.002,24,16
216,0.018,0.003,0,29716
217,0.018,0.003,1,755
218,0.018,0.003,2,536
219,0.018,0.003,3,478
220,0.018,0.003,4,421
221,0.018,0.003,5,815
222,0.018,0.003,6,686
223,0.018,0.003,7,655
224,0.018,0.003,8,480
225,0.018,0.003,9,674
226,0.018,0.003,10,585
227,0.018,0.003,11,529
228,0.018,0.003,12,397
229,0.018,0.003,13,486
230,0.018,0.003,14,346
231,0.018,0.003,15,241
232,0.018,0.003,16,156
233,0.018,0.003,17,107
234,0.018,0.003,18,129
235,0.018,0.003,19,67
236,0.018,0.003,20,10
237,0.018,0.003,22,8
238,0.018,0.003,23,1
239,0.018,0.004,0,30499
240,0.018,0.004,1,661
241,0.018,0.004,2,521
242,0.018,0.004,3,384
243,0.018,0.004,4,609
244,0.018,0.004,5,515
245,0.018,0.004,6,697
246,0.018,0.004,7,674
247,0.018,0.004,8,624
248,0.018,0.004,9,514
249,0.018,0.004,10,483
250,0.018,0.004,11,498
251,0.018,0.004,12,281
252,0.018,0.004,13,456
253,0.018,0.004,14,296
254,0.018,0.004,15,299
255,0.018,0.004,16,222
256,0.018,0.004,17,165
257,0.018,0.004,18,126
258,0.018,0.004,19,88
259,0.018,0.004,20,10
260,0.018,0.004,21,46
261,0.018,0.004,23,39
262,0.018,0.004,24,42
263,0.018,0.004,26,2
264,0.018,0.005,0,31720
265,0.018,0.005,1,700
266,0.018,0.005,2,485
267,0.018,0.005,3,555
268,0.018,0.005,4,794
269,0.018,0.005,5,535
270,0.018,0.005,6,704
271,0.018,0.005,7,514
272,0.018,0.005,8,531
273,0.018,0.005,9,809
274,0.018,0.005,10,538
275,0.018,0.005,11,517
276,0.018,0.005,12,570
277,0.018,0.005,13,458
278,0.018,0.005,14,351
279,0.018,0.005,15,229
280,0.018,0.005,16,125
281,0.018,0.005,17,143
282,0.018,0.005,18,125
283,0.018,0.005,19,119
284,0.018,0.005,20,122
285,0.018,0.005,21,31
286,0.018,0.005,22,6
287,0.018,0.005,23,14
288,0.018,0.005,24,18
289,0.018,0.006,0,30005
290,0.018,0.006,1,889
291,0.018,0.006,2,676
292,0.018,0.006,3,596
293,0.018,0.006,4,911
294,0.018,0.006,5,734
295,0.018,0.006,6,499
296,0.018,0.006,7,715
297,0.018,0.006,8,666
298,0.018,0.006,9,495
299,0.018,0.006,10,734
300,0.018,0.006,11,554
301,0.018,0.006,12,434
302,0.018,0.006,13,544
303,0.018,0.006,14,301
304,0.018,0.006,15,347
305,0.018,0.006,16,106
306,0.018,0.006,17,124
307,0.018,0.006,18,98
308,0.018,0.006,19,32
309,0.018,0.006,20,14
310,0.018,0.006,21,60
311,0.018,0.006,22,12
312,0.018,0.007,0,31126
313,0.018,0.007,1,949
314,0.018,0.007,2,634
315,0.018,0.007,3,581
316,0.018,0.007,4,548
317,0.018,0.007,5,825
318,0.018,0.007,6,569
319,0.018,0.007,7,722
320,0.018,0.007,8,606
321,0.018,0.007,9,539
322,0.018,0.007,10,593
323,0.018,0.007,11,617
324,0.018,0.007,12,718
325,0.018,0.007,13,266
326,0.018,0.007,14,336
327,0.018,0.007,15,308
328,0.018,0.007,16,186
329,0.018,0.007,17,124
330,0.018,0.007,18,195
331,0.018,0.007,19,77
332,0.018,0.007,20,42
333,0.018,0.007,21,70
334,0.018,0.007,22,53
335,0.018,0.007,23,31
336,0.018,0.008,0,31399
337,0.018,0.008,1,801
338,0.018,0.008,2,789
339,0.018,0.008,3,651
340,0.018,0.008,4,514
341,0.018,0.008,5,763
342,0.018,0.008,6,470
343,0.018,0.008,7,663
344,0.018,0.008,8,635
345,0.018,0.008,9,633
346,0.018,0.008,10,623
347,0.018,0.008,11,955
348,0.018,0.008,12,555
349,0.018,0.008,13,344
350,0.018,0.008,14,373
351,0.018,0.008,15,277
352,0.018,0.008,16,201
353,0.018,0.008,17,209
354,0.018,0.008,18,127
355,0.018,0.008,19,65
356,0.018,0.008,20,119
357,0.018,0.008,22,22
358,0.018,0.008,23,32
359,0.018,0.008,25,40
360,0.018,0.009,0,29942
361,0.018,0.009,1,790
362,0.018,0.009,2,508
363,0.018,0.009,3,672
364,0.018,0.009,4,502
365,0.018,0.009,5,511
366,0.018,0.009,6,896
367,0.018,0.009,7,658
368,0.018,0.009,8,628
369,0.018,0.009,9,630
370,0.018,0.009,10,609
371,0.018,0.009,11,621
372,0.018,0.009,12,666
373,0.018,0.009,13,464
374,0.018,0.009,14,347
375,0.018,0.009,15,242
376,0.018,0.009,16,193
377,0.018,0.009,17,116
378,0.018,0.009,18,40
379,0.018,0.009,19,10
380,0.018,0.009,20,29
381,0.018,0.009,21,37
382,0.018,0.009,22,15
383,0.018,0.009,23,6
384,0.024,0.0,0,31269
385,0.024,0.0,1,267
386,0.024,0.0,3,19
387,0.024,0.0,5,50
388,0.024,0.0,6,26
389,0.024,0.0,7,145
390,0.024,0.0,9,10
391,0.024,0.0,10,41
392,0.024,0.0,13,54
393,0.024,0.0,14,53
394,0.024,0.001,0,79239
395,0.024,0.001,1,1535
396,0.024,0.001,2,1295
397,0.024,0.001,3,1204
398,0.024,0.001,4,1066
399,0.024,0.001,5,953
400,0.024,0.001,6,969
401,0.024,0.001,7,1137
402,0.024,0.001,8,961
403,0.024,0.001,9,1551
404,0.024,0.001,10,958
405,0.024,0.001,11,780
406,0.024,0.001,12,930
407,0.024,0.001,13,1311
408,0.024,0.001,14,1235
409,0.024,0.001,15,695
410,0.024,0.001,16,872
411,0.024,0.001,17,391
412,0.024,0.001,18,261
413,0.024,0.001,19,171
414,0.024,0.001,20,183
415,0.024,0.001,21,204
416,0.024,0.001,22,55
417,0.024,0.001,23,131
418,0.024,0.001,24,71
419,0.024,0.001,25,15
420,0.024,0.002,0,81620
421,0.024,0.002,1,2078
422,0.024,0.002,2,1022
423,0.024,0.002,3,1140
424,0.024,0.002,4,1202
425,0.024,0.002,5,1023
426,0.024,0.002,6,951
427,0.024,0.002,7,1502
428,0.024,0.002,8,2066
429,0.024,0.002,9,1503
430,0.024,0.002,10,1833
431,0.024,0.002,11,1246
432,0.024,0.002,12,1440
433,0.024,0.002,13,1527
434,0.024,0.002,14,960
435,0.024,0.002,15,694
436,0.024,0.002,16,886
437,0.024,0.002,17,714
438,0.024,0.002,18,639
439,0.024,0.002,19,381
440,0.024,0.002,20,70
441,0.024,0.002,21,166
442,0.024,0.002,22,167
443,0.024,0.002,23,81
444,0.024,0.002,24,92
445,0.024,0.002,25,5
446,0.024,0.002,27,16
447,0.024,0.003,0,83810
448,0.024,0.003,1,1944
449,0.024,0.003,2,1077
450,0.024,0.003,3,1302
451,0.024,0.003,4,829
452,0.024,0.003,5,1453
453,0.024,0.003,6,1654
454,0.024,0.003,7,1119
455,0.024,0.003,8,1227
456,0.024,0.003,9,1333
457,0.024,0.003,10,1428
458,0.024,0.003,11,1270
459,0.024,0.003,12,1719
460,0.024,0.003,13,893
461,0.024,0.003,14,1173
462,0.024,0.003,15,890
463,0.024,0.003,16,537
464,0.024,0.003,17,532
465,0.024,0.003,18,371
466,0.024,0.003,19,204
467,0.024,0.003,20,257
468,0.024,0.003,21,173
469,0.024,0.003,22,26
470,0.024,0.003,23,171
471,0.024,0.003,24,101
472,0.024,0.003,26,12
473,0.024,0.004,0,83952
474,0.024,0.004,1,1801
475,0.024,0.004,2,1672
476,0.024,0.004,3,1358
477,0.024,0.004,4,985
478,0.024,0.004,5,1266
479,0.024,0.004,6,1315
480,0.024,0.004,7,1331
481,0.024,0.004,8,2113
482,0.024,0.004,9,1695
483,0.024,0.004,10,1461
484,0.024,0.004,11,1345
485,0.024,0.004,12,1516
486,0.024,0.004,13,1508
487,0.024,0.004,14,1239
488,0.024,0.004,15,1335
489,0.024,0.004,16,983
490,0.024,0.004,17,650
491,0.024,0.004,18,622
492,0.024,0.004,19,396
493,0.024,0.004,20,267
494,0.024,0.004,21,141
495,0.024,0.004,22,24
496,0.024,0.004,23,40
497,0.024,0.004,26,13
498,0.024,0.005,0,84053
499,0.024,0.005,1,1875
500,0.024,0.005,2,1127
501,0.024,0.005,3,1915
502,0.024,0.005,4,1170
503,0.024,0.005,5,1328
504,0.024,0.005,6,1278
505,0.024,0.005,7,1354
506,0.024,0.005,8,1849
507,0.024,0.005,9,1331
508,0.024,0.005,10,1880
509,0.024,0.005,11,1329
510,0.024,0.005,12,1503
511,0.024,0.005,13,1195
512,0.024,0.005,14,1211
513,0.024,0.005,15,660
514,0.024,0.005,16,933
515,0.024,0.005,17,768
516,0.024,0.005,18,619
517,0.024,0.005,19,650
518,0.024,0.005,20,280
519,0.024,0.005,21,412
520,0.024,0.005,22,198
521,0.024,0.005,23,101
522,0.024,0.005,24,81
523,0.024,0.005,26,50
524,0.024,0.006,0,84857
525,0.024,0.006,1,2334
526,0.024,0.006,2,1658
527,0.024,0.006,3,1210
528,0.024,0.006,4,928
529,0.024,0.006,5,1237
530,0.024,0.006,6,1396
531,0.024,0.006,7,1843
532,0.024,0.006,8,1374
533,0.024,0.006,9,1571
534,0.024,0.006,10,1493
535,0.024,0.006,11,1363
536,0.024,0.006,12,1644
537,0.024,0.006,13,1089
538,0.024,0.006,14,1135
539,0.024,0.006,15,1146
540,0.024,0.006,16,1080
541,0.024,0.006,17,686
542,0.024,0.006,18,681
543,0.024,0.006,19,313
544,0.024,0.006,20,248
545,0.024,0.006,21,176
546,0.024,0.006,22,120
547,0.024,0.006,23,190
548,0.024,0.006,24,90
549,0.024,0.006,26,2
550,0.024,0.007,0,82974
551,0.024,0.007,1,1971
552,0.024,0.007,2,1308
553,0.024,0.007,3,1238
554,0.024,0.007,4,1682
555,0.024,0.007,5,1490
556,0.024,0.007,6,1858
557,0.024,0.007,7,1455
558,0.024,0.007,8,1585
559,0.024,0.007,9,1758
560,0.024,0.007,10,1190
561,0.024,0.007,11,1858
562,0.024,0.007,12,1167
563,0.024,0.007,13,1480
564,0.024,0.007,14,948
565,0.024,0.007,15,1264
566,0.024,0.007,16,817
567,0.024,0.007,17,560
568,0.024,0.007,18,650
569,0.024,0.007,19,626
570,0.024,0.007,20,409
571,0.024,0.007,21,148
572,0.024,0.007,22,183
573,0.024,0.007,23,171
574,0.024,0.007,24,14
575,0.024,0.008,0,84475
576,0.024,0.008,1,1474
577,0.024,0.008,2,1201
578,0.024,0.008,3,1205
579,0.024,0.008,4,1303
580,0.024,0.008,5,1135
581,0.024,0.008,6,1079
582,0.024,0.008,7,1745
583,0.024,0.008,8,1331
584,0.024,0.008,9,1529
585,0.024,0.008,10,1465
586,0.024,0.008,11,1328
587,0.024,0.008,12,1527
588,0.024,0.008,13,1041
589,0.024,0.008,14,1077
590,0.024,0.008,15,1117
591,0.024,0.008,16,1742
592,0.024,0.008,17,1082
593,0.024,0.008,18,506
594,0.024,0.008,19,280
595,0.024,0.008,20,298
596,0.024,0.008,21,201
597,0.024,0.008,22,546
598,0.024,0.008,23,24
599,0.024,0.008,24,97
600,0.024,0.008,27,77
601,0.024,0.009,0,82230
602,0.024,0.009,1,2119
603,0.024,0.009,2,1555
604,0.024,0.009,3,1240
605,0.024,0.009,4,1446
606,0.024,0.009,5,1262
607,0.024,0.009,6,1511
608,0.024,0.009,7,1865
609,0.024,0.009,8,2019
610,0.024,0.009,9,1981
611,0.024,0.009,10,2135
612,0.024,0.009,11,1453
613,0.024,0.009,12,1494
614,0.024,0.009,13,1016
615,0.024,0.009,14,1423
616,0.024,0.009,15,1247
617,0.024,0.009,16,1019
618,0.024,0.009,17,740
619,0.024,0.009,18,571
620,0.024,0.009,19,743
621,0.024,0.009,20,386
622,0.024,0.009,21,383
623,0.024,0.009,22,158
624,0.024,0.009,23,83
625,0.024,0.009,24,164
626,0.024,0.009,25,16
627,0.024,0.009,26,16
628,0.03,0.0,0,37045
629,0.03,0.0,1,346
630,0.03,0.0,3,96
631,0.03,0.0,4,17
632,0.03,0.0,5,32
633,0.03,0.0,6,70
634,0.03,0.0,8,17
635,0.03,0.0,9,94
636,0.03,0.0,10,94
637,0.03,0.0,11,19
638,0.03,0.0,14,17
639,0.03,0.0,19,96
640,0.03,0.001,0,110169
641,0.03,0.001,1,2062
642,0.03,0.001,2,1197
643,0.03,0.001,3,1265
644,0.03,0.001,4,1321
645,0.03,0.001,5,1435
646,0.03,0.001,6,1143
647,0.03,0.001,7,1703
648,0.03,0.001,8,1915
649,0.03,0.001,9,1275
650,0.03,0.001,10,1647
651,0.03,0.001,11,1403
652,0.03,0.001,12,1033
653,0.03,0.001,13,1181
654,0.03,0.001,14,1084
655,0.03,0.001,15,1049
656,0.03,0.001,16,1227
657,0.03,0.001,17,644
658,0.03,0.001,18,852
659,0.03,0.001,19,886
660,0.03,0.001,20,558
661,0.03,0.001,21,305
662,0.03,0.001,22,399
663,0.03,0.001,23,163
664,0.03,0.001,24,112
665,0.03,0.001,25,170
666,0.03,0.001,26,63
667,0.03,0.001,28,36
668,0.03,0.002,0,110268
669,0.03,0.002,1,2208
670,0.03,0.002,2,1221
671,0.03,0.002,3,1218
672,0.03,0.002,4,1470
673,0.03,0.002,5,1467
674,0.03,0.002,6,1717
675,0.03,0.002,7,1583
676,0.03,0.002,8,1239
677,0.03,0.002,9,1738
678,0.03,0.002,10,2033
679,0.03,0.002,11,1890
680,0.03,0.002,12,1604
681,0.03,0.002,13,1250
682,0.03,0.002,14,1521
683,0.03,0.002,15,1358
684,0.03,0.002,16,1269
685,0.03,0.002,17,1289
686,0.03,0.002,18,844
687,0.03,0.002,19,466
688,0.03,0.002,20,641
689,0.03,0.002,21,636
690,0.03,0.002,22,399
691,0.03,0.002,23,281
692,0.03,0.002,24,200
693,0.03,0.002,25,59
694,0.03,0.002,27,133
695,0.03,0.003,0,108728
696,0.03,0.003,1,2587
697,0.03,0.003,2,1589
698,0.03,0.003,3,1804
699,0.03,0.003,4,1296
700,0.03,0.003,5,1628
701,0.03,0.003,6,1578
702,0.03,0.003,7,1864
703,0.03,0.003,8,1182
704,0.03,0.003,9,1322
705,0.03,0.003,10,2444
706,0.03,0.003,11,1542
707,0.03,0.003,12,1712
708,0.03,0.003,13,1436
709,0.03,0.003,14,1380
710,0.03,0.003,15,1415
711,0.03,0.003,16,1789
712,0.03,0.003,17,1088
713,0.03,0.003,18,937
714,0.03,0.003,19,861
715,0.03,0.003,20,729
716,0.03,0.003,21,474
717,0.03,0.003,22,410
718,0.03,0.003,23,340
719,0.03,0.003,24,28
720,0.03,0.003,25,273
721,0.03,0.003,26,42
722,0.03,0.003,28,75
723,0.03,0.003,31,122
724,0.03,0.004,0,109395
725,0.03,0.004,1,2348
726,0.03,0.004,2,1456
727,0.03,0.004,3,1631
728,0.03,0.004,4,1396
729,0.03,0.004,5,1323
730,0.03,0.004,6,1786
731,0.03,0.004,7,1694
732,0.03,0.004,8,1433
733,0.03,0.004,9,1465
734,0.03,0.004,10,1696
735,0.03,0.004,11,1818
736,0.03,0.004,12,1778
737,0.03,0.004,13,1989
738,0.03,0.004,14,1599
739,0.03,0.004,15,1490
740,0.03,0.004,16,1081
741,0.03,0.004,17,894
742,0.03,0.004,18,1423
743,0.03,0.004,19,1299
744,0.03,0.004,20,812
745,0.03,0.004,21,274
746,0.03,0.004,22,479
747,0.03,0.004,23,525
748,0.03,0.004,24,411
749,0.03,0.004,25,186
750,0.03,0.004,26,1
751,0.03,0.004,27,153
752,0.03,0.004,30,90
753,0.03,0.004,31,55
754,0.03,0.004,32,3
755,0.03,0.005,0,106556
756,0.03,0.005,1,2779
757,0.03,0.005,2,1508
758,0.03,0.005,3,1559
759,0.03,0.005,4,1115
760,0.03,0.005,5,1698
761,0.03,0.005,6,1709
762,0.03,0.005,7,1379
763,0.03,0.005,8,1598
764,0.03,0.005,9,1770
765,0.03,0.005,10,1559
766,0.03,0.005,11,1845
767,0.03,0.005,12,2115
768,0.03,0.005,13,1812
769,0.03,0.005,14,1820
770,0.03,0.005,15,1799
771,0.03,0.005,16,1800
772,0.03,0.005,17,1205
773,0.03,0.005,18,913
774,0.03,0.005,19,377
775,0.03,0.005,20,761
776,0.03,0.005,21,467
777,0.03,0.005,22,488
778,0.03,0.005,23,221
779,0.03,0.005,24,116
780,0.03,0.005,25,350
781,0.03,0.005,26,48
782,0.03,0.005,27,100
783,0.03,0.005,31,66
784,0.03,0.006,0,109576
785,0.03,0.006,1,2271
786,0.03,0.006,2,1355
787,0.03,0.006,3,1326
788,0.03,0.006,4,1434
789,0.03,0.006,5,1702
790,0.03,0.006,6,1448
791,0.03,0.006,7,1830
792,0.03,0.006,8,1676
793,0.03,0.006,9,1963
794,0.03,0.006,10,1758
795,0.03,0.006,11,1639
796,0.03,0.006,12,1835
797,0.03,0.006,13,1669
798,0.03,0.006,14,1513
799,0.03,0.006,15,1424
800,0.03,0.006,16,1688
801,0.03,0.006,17,1300
802,0.03,0.006,18,1358
803,0.03,0.006,19,882
804,0.03,0.006,20,698
805,0.03,0.006,21,761
806,0.03,0.006,22,453
807,0.03,0.006,23,428
808,0.03,0.006,24,210
809,0.03,0.006,25,122
810,0.03,0.006,26,60
811,0.03,0.006,27,137
812,0.03,0.006,28,60
813,0.03,0.006,30,105
814,0.03,0.006,31,7
815,0.03,0.007,0,108121
816,0.03,0.007,1,2977
817,0.03,0.007,2,1808
818,0.03,0.007,3,1065
819,0.03,0.007,4,1676
820,0.03,0.007,5,1297
821,0.03,0.007,6,1671
822,0.03,0.007,7,1497
823,0.03,0.007,8,1605
824,0.03,0.007,9,1611
825,0.03,0.007,10,1916
826,0.03,0.007,11,1541
827,0.03,0.007,12,2418
828,0.03,0.007,13,1366
829,0.03,0.007,14,1427
830,0.03,0.007,15,1826
831,0.03,0.007,16,1869
832,0.03,0.007,17,1090
833,0.03,0.007,18,1480
834,0.03,0.007,19,1254
835,0.03,0.007,20,810
836,0.03,0.007,21,609
837,0.03,0.007,22,641
838,0.03,0.007,23,179
839,0.03,0.007,24,133
840,0.03,0.007,25,158
841,0.03,0.007,26,18
842,0.03,0.007,27,166
843,0.03,0.007,30,45
844,0.03,0.008,0,107286
845,0.03,0.008,1,3050
846,0.03,0.008,2,1234
847,0.03,0.008,3,1958
848,0.03,0.008,4,1689
849,0.03,0.008,5,1794
850,0.03,0.008,6,1440
851,0.03,0.008,7,1632
852,0.03,0.008,8,1608
853,0.03,0.008,9,2110
854,0.03,0.008,10,1720
855,0.03,0.008,11,1989
856,0.03,0.008,12,1249
857,0.03,0.008,13,1728
858,0.03,0.008,14,1863
859,0.03,0.008,15,1200
860,0.03,0.008,16,2337
861,0.03,0.008,17,1363
862,0.03,0.008,18,1097
863,0.03,0.008,19,1095
864,0.03,0.008,20,794
865,0.03,0.008,21,713
866,0.03,0.008,22,454
867,0.03,0.008,23,350
868,0.03,0.008,24,278
869,0.03,0.008,25,205
870,0.03,0.008,26,155
871,0.03,0.008,27,96
872,0.03,0.008,28,77
873,0.03,0.008,29,4
874,0.03,0.009,0,106204
875,0.03,0.009,1,2749
876,0.03,0.009,2,1807
877,0.03,0.009,3,1724
878,0.03,0.009,4,1366
879,0.03,0.009,5,1410
880,0.03,0.009,6,1880
881,0.03,0.009,7,1563
882,0.03,0.009,8,1568
883,0.03,0.009,9,1767
884,0.03,0.009,10,2207
885,0.03,0.009,11,1996
886,0.03,0.009,12,1695
887,0.03,0.009,13,1979
888,0.03,0.009,14,1730
889,0.03,0.009,15,1635
890,0.03,0.009,16,1549
891,0.03,0.009,17,1334
892,0.03,0.009,18,691
893,0.03,0.009,19,1316
894,0.03,0.009,20,422
895,0.03,0.009,21,517
896,0.03,0.009,22,517
897,0.03,0.009,23,330
898,0.03,0.009,24,184
899,0.03,0.009,25,357
900,0.03,0.009,26,51
901,0.03,0.009,27,132
902,0.03,0.009,30,91
903,0.03,0.009,32,51
904,0.036,0.0,0,43581
905,0.036,0.0,1,244
906,0.036,0.0,2,32
907,0.036,0.0,3,96
908,0.036,0.0,4,144
909,0.036,0.0,6,81
910,0.036,0.0,8,173
911,0.036,0.0,9,75
912,0.036,0.0,10,48
913,0.036,0.0,15,18
914,0.036,0.001,0,122180
915,0.036,0.001,1,2554
916,0.036,0.001,2,1428
917,0.036,0.001,3,1226
918,0.036,0.001,4,1357
919,0.036,0.001,5,1491
920,0.036,0.001,6,1230
921,0.036,0.001,7,1934
922,0.036,0.001,8,1551
923,0.036,0.001,9,1823
924,0.036,0.001,10,1292
925,0.036,0.001,11,1485
926,0.036,0.001,12,1500
927,0.036,0.001,13,1283
928,0.036,0.001,14,1788
929,0.036,0.001,15,1237
930,0.036,0.001,16,1484
931,0.036,0.001,17,897
932,0.036,0.001,18,1182
933,0.036,0.001,19,854
934,0.036,0.001,20,942
935,0.036,0.001,21,1023
936,0.036,0.001,22,489
937,0.036,0.001,23,555
938,0.036,0.001,24,129
939,0.036,0.001,25,237
940,0.036,0.001,26,126
941,0.036,0.001,27,91
942,0.036,0.001,28,162
943,0.036,0.001,29,111
944,0.036,0.001,31,34
945,0.036,0.002,0,120194
946,0.036,0.002,1,3112
947,0.036,0.002,2,1546
948,0.036,0.002,3,1006
949,0.036,0.002,4,1150
950,0.036,0.002,5,1478
951,0.036,0.002,6,1034
952,0.036,0.002,7,1842
953,0.036,0.002,8,1309
954,0.036,0.002,9,1892
955,0.036,0.002,10,1746
956,0.036,0.002,11,1927
957,0.036,0.002,12,2284
958,0.036,0.002,13,1956
959,0.036,0.002,14,1484
960,0.036,0.002,15,1719
961,0.036,0.002,16,1490
962,0.036,0.002,17,1863
963,0.036,0.002,18,1536
964,0.036,0.002,19,888
965,0.036,0.002,20,1273
966,0.036,0.002,21,670
967,0.036,0.002,22,413
968,0.036,0.002,23,621
969,0.036,0.002,24,382
970,0.036,0.002,25,235
971,0.036,0.002,26,344
972,0.036,0.002,27,146
973,0.036,0.002,28,267
974,0.036,0.002,29,95
975,0.036,0.003,0,117518
976,0.036,0.003,1,2799
977,0.036,0.003,2,1775
978,0.036,0.003,3,1320
979,0.036,0.003,4,1659
980,0.036,0.003,5,1582
981,0.036,0.003,6,1683
982,0.036,0.003,7,1568
983,0.036,0.003,8,1781
984,0.036,0.003,9,1735
985,0.036,0.003,10,2004
986,0.036,0.003,11,2264
987,0.036,0.003,12,1893
988,0.036,0.003,13,1419
989,0.036,0.003,14,1841
990,0.036,0.003,15,2121
991,0.036,0.003,16,1799
992,0.036,0.003,17,1368
993,0.036,0.003,18,1391
994,0.036,0.003,19,1605
995,0.036,0.003,20,1089
996,0.036,0.003,21,956
997,0.036,0.003,22,686
998,0.036,0.003,23,793
999,0.036,0.003,24,508
1000,0.036,0.003,25,500
1001,0.036,0.003,26,219
1002,0.036,0.003,27,57
1003,0.036,0.003,28,67
1004,0.036,0.003,29,51
1005,0.036,0.003,30,2
1006,0.036,0.003,32,39
1007,0.036,0.004,0,116978
1008,0.036,0.004,1,2751
1009,0.036,0.004,2,1646
1010,0.036,0.004,3,2000
1011,0.036,0.004,4,1693
1012,0.036,0.004,5,2062
1013,0.036,0.004,6,1253
1014,0.036,0.004,7,1902
1015,0.036,0.004,8,1581
1016,0.036,0.004,9,1592
1017,0.036,0.004,10,2052
1018,0.036,0.004,11,2221
1019,0.036,0.004,12,2123
1020,0.036,0.004,13,1876
1021,0.036,0.004,14,2383
1022,0.036,0.004,15,1251
1023,0.036,0.004,16,1978
1024,0.036,0.004,17,1556
1025,0.036,0.004,18,1347
1026,0.036,0.004,19,1054
1027,0.036,0.004,20,948
1028,0.036,0.004,21,736
1029,0.036,0.004,22,1258
1030,0.036,0.004,23,362
1031,0.036,0.004,24,441
1032,0.036,0.004,25,181
1033,0.036,0.004,26,401
1034,0.036,0.004,27,183
1035,0.036,0.004,28,51
1036,0.036,0.004,30,11
1037,0.036,0.004,31,121
1038,0.036,0.004,32,64
1039,0.036,0.005,0,118219
1040,0.036,0.005,1,2553
1041,0.036,0.005,2,1411
1042,0.036,0.005,3,1369
1043,0.036,0.005,4,1553
1044,0.036,0.005,5,1319
1045,0.036,0.005,6,1937
1046,0.036,0.005,7,1452
1047,0.036,0.005,8,1774
1048,0.036,0.005,9,1718
1049,0.036,0.005,10,2095
1050,0.036,0.005,11,1838
1051,0.036,0.005,12,1977
1052,0.036,0.005,13,1991
1053,0.036,0.005,14,2058
1054,0.036,0.005,15,1479
1055,0.036,0.005,16,1984
1056,0.036,0.005,17,1355
1057,0.036,0.005,18,1438
1058,0.036,0.005,19,1071
1059,0.036,0.005,20,1187
1060,0.036,0.005,21,704
1061,0.036,0.005,22,697
1062,0.036,0.005,23,613
1063,0.036,0.005,24,347
1064,0.036,0.005,25,304
1065,0.036,0.005,26,420
1066,0.036,0.005,27,125
1067,0.036,0.005,28,87
1068,0.036,0.005,29,176
1069,0.036,0.005,30,200
1070,0.036,0.005,31,75
1071,0.036,0.006,0,118195
1072,0.036,0.006,1,3687
1073,0.036,0.006,2,1193
1074,0.036,0.006,3,1482
1075,0.036,0.006,4,1051
1076,0.036,0.006,5,1468
1077,0.036,0.006,6,1308
1078,0.036,0.006,7,1618
1079,0.036,0.006,8,1744
1080,0.036,0.006,9,1885
1081,0.036,0.006,10,1787
1082,0.036,0.006,11,2015
1083,0.036,0.006,12,2534
1084,0.036,0.006,13,1853
1085,0.036,0.006,14,1532
1086,0.036,0.006,15,1571
1087,0.036,0.006,16,1318
1088,0.036,0.006,17,1786
1089,0.036,0.006,18,1382
1090,0.036,0.006,19,923
1091,0.036,0.006,20,1236
1092,0.036,0.006,21,980
1093,0.036,0.006,22,927
1094,0.036,0.006,23,786
1095,0.036,0.006,24,510
1096,0.036,0.006,25,485
1097,0.036,0.006,26,266
1098,0.036,0.006,27,199
1099,0.036,0.006,28,20
1100,0.036,0.006,29,103
1101,0.036,0.006,30,12
1102,0.036,0.006,32,39
1103,0.036,0.007,0,115799
1104,0.036,0.007,1,3859
1105,0.036,0.007,2,1267
1106,0.036,0.007,3,1608
1107,0.036,0.007,4,1851
1108,0.036,0.007,5,1758
1109,0.036,0.007,6,1768
1110,0.036,0.007,7,1861
1111,0.036,0.007,8,2215
1112,0.036,0.007,9,1697
1113,0.036,0.007,10,1904
1114,0.036,0.007,11,2234
1115,0.036,0.007,12,2032
1116,0.036,0.007,13,2319
1117,0.036,0.007,14,1800
1118,0.036,0.007,15,1695
1119,0.036,0.007,16,1872
1120,0.036,0.007,17,1195
1121,0.036,0.007,18,1125
1122,0.036,0.007,19,1182
1123,0.036,0.007,20,1137
1124,0.036,0.007,21,1029
1125,0.036,0.007,22,740
1126,0.036,0.007,23,530
1127,0.036,0.007,24,629
1128,0.036,0.007,25,454
1129,0.036,0.007,26,251
1130,0.036,0.007,27,378
1131,0.036,0.007,28,13
1132,0.036,0.007,29,166
1133,0.036,0.007,30,111
1134,0.036,0.007,31,12
1135,0.036,0.007,33,60
1136,0.036,0.008,0,115712
1137,0.036,0.008,1,3555
1138,0.036,0.008,2,1619
1139,0.036,0.008,3,1522
1140,0.036,0.008,4,1322
1141,0.036,0.008,5,1422
1142,0.036,0.008,6,1253
1143,0.036,0.008,7,2068
1144,0.036,0.008,8,1607
1145,0.036,0.008,9,1792
1146,0.036,0.008,10,3074
1147,0.036,0.008,11,2194
1148,0.036,0.008,12,1868
1149,0.036,0.008,13,2170
1150,0.036,0.008,14,1708
1151,0.036,0.008,15,1981
1152,0.036,0.008,16,2094
1153,0.036,0.008,17,1543
1154,0.036,0.008,18,1423
1155,0.036,0.008,19,1162
1156,0.036,0.008,20,1586
1157,0.036,0.008,21,767
1158,0.036,0.008,22,612
1159,0.036,0.008,23,555
1160,0.036,0.008,24,791
1161,0.036,0.008,25,373
1162,0.036,0.008,26,324
1163,0.036,0.008,27,144
1164,0.036,0.008,28,123
1165,0.036,0.008,29,192
1166,0.036,0.008,30,50
1167,0.036,0.009,0,115079
1168,0.036,0.009,1,2796
1169,0.036,0.009,2,1834
1170,0.036,0.009,3,1301
1171,0.036,0.009,4,1554
1172,0.036,0.009,5,1849
1173,0.036,0.009,6,1819
1174,0.036,0.009,7,1534
1175,0.036,0.009,8,1572
1176,0.036,0.009,9,1721
1177,0.036,0.009,10,2388
1178,0.036,0.009,11,1953
1179,0.036,0.009,12,2559
1180,0.036,0.009,13,2261
1181,0.036,0.009,14,1855
1182,0.036,0.009,15,2118
1183,0.036,0.009,16,1803
1184,0.036,0.009,17,1110
1185,0.036,0.009,18,2399
1186,0.036,0.009,19,1112
1187,0.036,0.009,20,1985
1188,0.036,0.009,21,1126
1189,0.036,0.009,22,830
1190,0.036,0.009,23,523
1191,0.036,0.009,24,268
1192,0.036,0.009,25,219
1193,0.036,0.009,26,171
1194,0.036,0.009,27,156
1195,0.036,0.009,28,125
1196,0.036,0.009,29,124
1197,0.036,0.009,30,19
1198,0.042,0.0,0,51162
1199,0.042,0.0,1,358
1200,0.042,0.0,3,63
1201,0.042,0.0,5,88
1202,0.042,0.0,11,56
1203,0.042,0.0,12,18
1204,0.042,0.0,13,16
1205,0.042,0.0,14,16
1206,0.042,0.0,18,60
1207,0.042,0.001,0,127040
1208,0.042,0.001,1,2970
1209,0.042,0.001,2,1307
1210,0.042,0.001,3,1296
1211,0.042,0.001,4,1584
1212,0.042,0.001,5,730
1213,0.042,0.001,6,1001
1214,0.042,0.001,7,956
1215,0.042,0.001,8,1175
1216,0.042,0.001,9,2096
1217,0.042,0.001,10,1752
1218,0.042,0.001,11,1562
1219,0.042,0.001,12,1782
1220,0.042,0.001,13,1842
1221,0.042,0.001,14,1827
1222,0.042,0.001,15,1419
1223,0.042,0.001,16,1506
1224,0.042,0.001,17,1376
1225,0.042,0.001,18,1516
1226,0.042,0.001,19,1506
1227,0.042,0.001,20,864
1228,0.042,0.001,21,1293
1229,0.042,0.001,22,765
1230,0.042,0.001,23,321
1231,0.042,0.001,24,679
1232,0.042,0.001,25,382
1233,0.042,0.001,26,217
1234,0.042,0.001,27,177
1235,0.042,0.001,28,372
1236,0.042,0.001,29,153
1237,0.042,0.001,30,240
1238,0.042,0.001,31,90
1239,0.042,0.002,0,124757
1240,0.042,0.002,1,3320
1241,0.042,0.002,2,1553
1242,0.042,0.002,3,1425
1243,0.042,0.002,4,1396
1244,0.042,0.002,5,1504
1245,0.042,0.002,6,1372
1246,0.042,0.002,7,1571
1247,0.042,0.002,8,1840
1248,0.042,0.002,9,1513
1249,0.042,0.002,10,1588
1250,0.042,0.002,11,1959
1251,0.042,0.002,12,2076
1252,0.042,0.002,13,1937
1253,0.042,0.002,14,1816
1254,0.042,0.002,15,2006
1255,0.042,0.002,16,1731
1256,0.042,0.002,17,1309
1257,0.042,0.002,18,1390
1258,0.042,0.002,19,1390
1259,0.042,0.002,20,1107
1260,0.042,0.002,21,1139
1261,0.042,0.002,22,807
1262,0.042,0.002,23,879
1263,0.042,0.002,24,461
1264,0.042,0.002,25,319
1265,0.042,0.002,26,429
1266,0.042,0.002,27,381
1267,0.042,0.002,28,229
1268,0.042,0.002,29,94
1269,0.042,0.002,30,84
1270,0.042,0.002,32,103
1271,0.042,0.003,0,124682
1272,0.042,0.003,1,3331
1273,0.042,0.003,2,1449
1274,0.042,0.003,3,802
1275,0.042,0.003,4,1195
1276,0.042,0.003,5,1083
1277,0.042,0.003,6,1407
1278,0.042,0.003,7,1801
1279,0.042,0.003,8,1572
1280,0.042,0.003,9,1953
1281,0.042,0.003,10,1490
1282,0.042,0.003,11,1739
1283,0.042,0.003,12,2192
1284,0.042,0.003,13,1215
1285,0.042,0.003,14,2104
1286,0.042,0.003,15,1628
1287,0.042,0.003,16,2301
1288,0.042,0.003,17,1586
1289,0.042,0.003,18,1972
1290,0.042,0.003,19,1633
1291,0.042,0.003,20,1574
1292,0.042,0.003,21,1482
1293,0.042,0.003,22,820
1294,0.042,0.003,23,765
1295,0.042,0.003,24,641
1296,0.042,0.003,25,568
1297,0.042,0.003,26,501
1298,0.042,0.003,27,312
1299,0.042,0.003,28,149
1300,0.042,0.003,29,17
1301,0.042,0.003,30,75
1302,0.042,0.003,33,51
1303,0.042,0.004,0,124334
1304,0.042,0.004,1,3196
1305,0.042,0.004,2,1265
1306,0.042,0.004,3,1432
1307,0.042,0.004,4,1135
1308,0.042,0.004,5,1170
1309,0.042,0.004,6,1137
1310,0.042,0.004,7,2001
1311,0.042,0.004,8,1880
1312,0.042,0.004,9,1543
1313,0.042,0.004,10,1986
1314,0.042,0.004,11,1876
1315,0.042,0.004,12,1885
1316,0.042,0.004,13,1699
1317,0.042,0.004,14,1825
1318,0.042,0.004,15,2254
1319,0.042,0.004,16,1416
1320,0.042,0.004,17,1470
1321,0.042,0.004,18,2198
1322,0.042,0.004,19,1319
1323,0.042,0.004,20,1139
1324,0.042,0.004,21,899
1325,0.042,0.004,22,1007
1326,0.042,0.004,23,901
1327,0.042,0.004,24,477
1328,0.042,0.004,25,626
1329,0.042,0.004,26,247
1330,0.042,0.004,27,607
1331,0.042,0.004,28,327
1332,0.042,0.004,29,339
1333,0.042,0.004,30,229
1334,0.042,0.004,31,96
1335,0.042,0.004,34,52
1336,0.042,0.005,0,123568
1337,0.042,0.005,1,3624
1338,0.042,0.005,2,1585
1339,0.042,0.005,3,1784
1340,0.042,0.005,4,1907
1341,0.042,0.005,5,990
1342,0.042,0.005,6,1311
1343,0.042,0.005,7,1573
1344,0.042,0.005,8,1687
1345,0.042,0.005,9,1865
1346,0.042,0.005,10,1562
1347,0.042,0.005,11,1413
1348,0.042,0.005,12,1378
1349,0.042,0.005,13,2840
1350,0.042,0.005,14,1914
1351,0.042,0.005,15,1390
1352,0.042,0.005,16,2071
1353,0.042,0.005,17,1353
1354,0.042,0.005,18,1697
1355,0.042,0.005,19,1321
1356,0.042,0.005,20,1127
1357,0.042,0.005,21,1401
1358,0.042,0.005,22,838
1359,0.042,0.005,23,699
1360,0.042,0.005,24,769
1361,0.042,0.005,25,562
1362,0.042,0.005,26,654
1363,0.042,0.005,27,359
1364,0.042,0.005,28,210
1365,0.042,0.005,29,115
1366,0.042,0.005,30,87
1367,0.042,0.005,31,89
1368,0.042,0.005,32,19
1369,0.042,0.006,0,121384
1370,0.042,0.006,1,3352
1371,0.042,0.006,2,1637
1372,0.042,0.006,3,1427
1373,0.042,0.006,4,1800
1374,0.042,0.006,5,767
1375,0.042,0.006,6,1591
1376,0.042,0.006,7,1810
1377,0.042,0.006,8,1901
1378,0.042,0.006,9,1539
1379,0.042,0.006,10,1524
1380,0.042,0.006,11,2084
1381,0.042,0.006,12,1644
1382,0.042,0.006,13,2431
1383,0.042,0.006,14,1662
1384,0.042,0.006,15,2242
1385,0.042,0.006,16,1472
1386,0.042,0.006,17,1994
1387,0.042,0.006,18,2016
1388,0.042,0.006,19,1600
1389,0.042,0.006,20,1171
1390,0.042,0.006,21,1080
1391,0.042,0.006,22,1156
1392,0.042,0.006,23,749
1393,0.042,0.006,24,786
1394,0.042,0.006,25,949
1395,0.042,0.006,26,744
1396,0.042,0.006,27,267
1397,0.042,0.006,28,317
1398,0.042,0.006,29,332
1399,0.042,0.006,30,74
1400,0.042,0.006,31,77
1401,0.042,0.006,32,43
1402,0.042,0.006,33,21
1403,0.042,0.007,0,124475
1404,0.042,0.007,1,3383
1405,0.042,0.007,2,1543
1406,0.042,0.007,3,1402
1407,0.042,0.007,4,1298
1408,0.042,0.007,5,1549
1409,0.042,0.007,6,2070
1410,0.042,0.007,7,1595
1411,0.042,0.007,8,1350
1412,0.042,0.007,9,1541
1413,0.042,0.007,10,2356
1414,0.042,0.007,11,1628
1415,0.042,0.007,12,1711
1416,0.042,0.007,13,1589
1417,0.042,0.007,14,1981
1418,0.042,0.007,15,1675
1419,0.042,0.007,16,2187
1420,0.042,0.007,17,1198
1421,0.042,0.007,18,1496
1422,0.042,0.007,19,1218
1423,0.042,0.007,20,1376
1424,0.042,0.007,21,1384
1425,0.042,0.007,22,880
1426,0.042,0.007,23,810
1427,0.042,0.007,24,489
1428,0.042,0.007,25,625
1429,0.042,0.007,26,250
1430,0.042,0.007,27,626
1431,0.042,0.007,28,298
1432,0.042,0.007,29,150
1433,0.042,0.007,30,188
1434,0.042,0.007,31,98
1435,0.042,0.007,32,46
1436,0.042,0.007,33,56
1437,0.042,0.008,0,119548
1438,0.042,0.008,1,3579
1439,0.042,0.008,2,1457
1440,0.042,0.008,3,1468
1441,0.042,0.008,4,1211
1442,0.042,0.008,5,1197
1443,0.042,0.008,6,1505
1444,0.042,0.008,7,1298
1445,0.042,0.008,8,1433
1446,0.042,0.008,9,2432
1447,0.042,0.008,10,2062
1448,0.042,0.008,11,1670
1449,0.042,0.008,12,2788
1450,0.042,0.008,13,2397
1451,0.042,0.008,14,1939
1452,0.042,0.008,15,2829
1453,0.042,0.008,16,1977
1454,0.042,0.008,17,2130
1455,0.042,0.008,18,1931
1456,0.042,0.008,19,1601
1457,0.042,0.008,20,1233
1458,0.042,0.008,21,1861
1459,0.042,0.008,22,1038
1460,0.042,0.008,23,987
1461,0.042,0.008,24,857
1462,0.042,0.008,25,307
1463,0.042,0.008,26,409
1464,0.042,0.008,27,358
1465,0.042,0.008,28,240
1466,0.042,0.008,29,16
1467,0.042,0.008,30,77
1468,0.042,0.008,31,165
1469,0.042,0.008,32,84
1470,0.042,0.009,0,123226
1471,0.042,0.009,1,3883
1472,0.042,0.009,2,1729
1473,0.042,0.009,3,1511
1474,0.042,0.009,4,1904
1475,0.042,0.009,5,1230
1476,0.042,0.009,6,1222
1477,0.042,0.009,7,1682
1478,0.042,0.009,8,1382
1479,0.042,0.009,9,1765
1480,0.042,0.009,10,1824
1481,0.042,0.009,11,1483
1482,0.042,0.009,12,2421
1483,0.042,0.009,13,2121
1484,0.042,0.009,14,2267
1485,0.042,0.009,15,1954
1486,0.042,0.009,16,2086
1487,0.042,0.009,17,1589
1488,0.042,0.009,18,2143
1489,0.042,0.009,19,2011
1490,0.042,0.009,20,1572
1491,0.042,0.009,21,1058
1492,0.042,0.009,22,1413
1493,0.042,0.009,23,701
1494,0.042,0.009,24,496
1495,0.042,0.009,25,613
1496,0.042,0.009,26,366
1497,0.042,0.009,27,310
1498,0.042,0.009,28,265
1499,0.042,0.009,29,119
1500,0.042,0.009,30,84
1501,0.042,0.009,31,119
1502,0.042,0.009,32,19
1503,0.042,0.009,33,138
1504,0.042,0.009,34,6
1505,0.048,0.0,0,56749
1506,0.048,0.0,1,626
1507,0.048,0.0,2,71
1508,0.048,0.0,3,32
1509,0.048,0.0,4,52
1510,0.048,0.0,5,37
1511,0.048,0.0,6,37
1512,0.048,0.0,7,1
1513,0.048,0.0,8,154
1514,0.048,0.0,9,6
1515,0.048,0.0,11,164
1516,0.048,0.0,12,17
1517,0.048,0.0,13,99
1518,0.048,0.0,14,96
1519,0.048,0.0,15,7
1520,0.048,0.001,0,130338
1521,0.048,0.001,1,3616
1522,0.048,0.001,2,763
1523,0.048,0.001,3,1697
1524,0.048,0.001,4,1588
1525,0.048,0.001,5,784
1526,0.048,0.001,6,1348
1527,0.048,0.001,7,1200
1528,0.048,0.001,8,1323
1529,0.048,0.001,9,1635
1530,0.048,0.001,10,1452
1531,0.048,0.001,11,1530
1532,0.048,0.001,12,1442
1533,0.048,0.001,13,1814
1534,0.048,0.001,14,1561
1535,0.048,0.001,15,1373
1536,0.048,0.001,16,1951
1537,0.048,0.001,17,1135
1538,0.048,0.001,18,1707
1539,0.048,0.001,19,1534
1540,0.048,0.001,20,1066
1541,0.048,0.001,21,1248
1542,0.048,0.001,22,947
1543,0.048,0.001,23,1432
1544,0.048,0.001,24,703
1545,0.048,0.001,25,598
1546,0.048,0.001,26,426
1547,0.048,0.001,27,757
1548,0.048,0.001,28,453
1549,0.048,0.001,29,203
1550,0.048,0.001,30,66
1551,0.048,0.001,31,59
1552,0.048,0.001,32,135
1553,0.048,0.001,33,99
1554,0.048,0.001,34,84
1555,0.048,0.002,0,128568
1556,0.048,0.002,1,3022
1557,0.048,0.002,2,1205
1558,0.048,0.002,3,1101
1559,0.048,0.002,4,1152
1560,0.048,0.002,5,1770
1561,0.048,0.002,6,1324
1562,0.048,0.002,7,1768
1563,0.048,0.002,8,1644
1564,0.048,0.002,9,1804
1565,0.048,0.002,10,1326
1566,0.048,0.002,11,1577
1567,0.048,0.002,12,2085
1568,0.048,0.002,13,2428
1569,0.048,0.002,14,1383
1570,0.048,0.002,15,1507
1571,0.048,0.002,16,2562
1572,0.048,0.002,17,1230
1573,0.048,0.002,18,1983
1574,0.048,0.002,19,1591
1575,0.048,0.002,20,836
1576,0.048,0.002,21,1251
1577,0.048,0.002,22,1337
1578,0.048,0.002,23,871
1579,0.048,0.002,24,664
1580,0.048,0.002,25,941
1581,0.048,0.002,26,458
1582,0.048,0.002,27,375
1583,0.048,0.002,28,605
1584,0.048,0.002,29,287
1585,0.048,0.002,30,74
1586,0.048,0.002,31,157
1587,0.048,0.002,32,89
1588,0.048,0.002,33,152
1589,0.048,0.003,0,127685
1590,0.048,0.003,1,2924
1591,0.048,0.003,2,1474
1592,0.048,0.003,3,1140
1593,0.048,0.003,4,1595
1594,0.048,0.003,5,1019
1595,0.048,0.003,6,1647
1596,0.048,0.003,7,1810
1597,0.048,0.003,8,1624
1598,0.048,0.003,9,1515
1599,0.048,0.003,10,1541
1600,0.048,0.003,11,1659
1601,0.048,0.003,12,2081
1602,0.048,0.003,13,2190
1603,0.048,0.003,14,1980
1604,0.048,0.003,15,1797
1605,0.048,0.003,16,1839
1606,0.048,0.003,17,2164
1607,0.048,0.003,18,2000
1608,0.048,0.003,19,1289
1609,0.048,0.003,20,862
1610,0.048,0.003,21,1402
1611,0.048,0.003,22,1243
1612,0.048,0.003,23,1208
1613,0.048,0.003,24,676
1614,0.048,0.003,25,663
1615,0.048,0.003,26,941
1616,0.048,0.003,27,319
1617,0.048,0.003,28,269
1618,0.048,0.003,29,318
1619,0.048,0.003,30,5
1620,0.048,0.003,31,197
1621,0.048,0.004,0,127281
1622,0.048,0.004,1,3761
1623,0.048,0.004,2,1754
1624,0.048,0.004,3,1223
1625,0.048,0.004,4,1596
1626,0.048,0.004,5,1038
1627,0.048,0.004,6,764
1628,0.048,0.004,7,1330
1629,0.048,0.004,8,1505
1630,0.048,0.004,9,1591
1631,0.048,0.004,10,1841
1632,0.048,0.004,11,1232
1633,0.048,0.004,12,2034
1634,0.048,0.004,13,1942
1635,0.048,0.004,14,2604
1636,0.048,0.004,15,1777
1637,0.048,0.004,16,2250
1638,0.048,0.004,17,1725
1639,0.048,0.004,18,1377
1640,0.048,0.004,19,1949
1641,0.048,0.004,20,1680
1642,0.048,0.004,21,1610
1643,0.048,0.004,22,1125
1644,0.048,0.004,23,1003
1645,0.048,0.004,24,1107
1646,0.048,0.004,25,487
1647,0.048,0.004,26,464
1648,0.048,0.004,27,645
1649,0.048,0.004,28,425
1650,0.048,0.004,29,243
1651,0.048,0.004,30,95
1652,0.048,0.004,32,60
1653,0.048,0.004,33,19
1654,0.048,0.004,34,96
1655,0.048,0.005,0,126023
1656,0.048,0.005,1,3136
1657,0.048,0.005,2,1770
1658,0.048,0.005,3,1101
1659,0.048,0.005,4,1454
1660,0.048,0.005,5,1163
1661,0.048,0.005,6,1304
1662,0.048,0.005,7,1055
1663,0.048,0.005,8,1765
1664,0.048,0.005,9,1638
1665,0.048,0.005,10,2046
1666,0.048,0.005,11,2115
1667,0.048,0.005,12,1862
1668,0.048,0.005,13,2371
1669,0.048,0.005,14,1717
1670,0.048,0.005,15,2206
1671,0.048,0.005,16,2534
1672,0.048,0.005,17,1540
1673,0.048,0.005,18,1943
1674,0.048,0.005,19,1317
1675,0.048,0.005,20,1737
1676,0.048,0.005,21,1507
1677,0.048,0.005,22,1384
1678,0.048,0.005,23,914
1679,0.048,0.005,24,701
1680,0.048,0.005,25,630
1681,0.048,0.005,26,835
1682,0.048,0.005,27,576
1683,0.048,0.005,28,349
1684,0.048,0.005,29,477
1685,0.048,0.005,30,72
1686,0.048,0.005,31,266
1687,0.048,0.005,32,104
1688,0.048,0.005,33,267
1689,0.048,0.005,34,4
1690,0.048,0.006,0,124101
1691,0.048,0.006,1,3769
1692,0.048,0.006,2,1924
1693,0.048,0.006,3,1388
1694,0.048,0.006,4,1498
1695,0.048,0.006,5,1339
1696,0.048,0.006,6,1599
1697,0.048,0.006,7,1503
1698,0.048,0.006,8,1030
1699,0.048,0.006,9,1967
1700,0.048,0.006,10,1773
1701,0.048,0.006,11,2103
1702,0.048,0.006,12,2547
1703,0.048,0.006,13,1695
1704,0.048,0.006,14,1873
1705,0.048,0.006,15,1733
1706,0.048,0.006,16,2019
1707,0.048,0.006,17,2024
1708,0.048,0.006,18,1783
1709,0.048,0.006,19,1856
1710,0.048,0.006,20,1879
1711,0.048,0.006,21,1621
1712,0.048,0.006,22,1136
1713,0.048,0.006,23,983
1714,0.048,0.006,24,807
1715,0.048,0.006,25,707
1716,0.048,0.006,26,777
1717,0.048,0.006,27,571
1718,0.048,0.006,28,305
1719,0.048,0.006,29,310
1720,0.048,0.006,30,270
1721,0.048,0.006,31,15
1722,0.048,0.006,32,83
1723,0.048,0.006,33,48
1724,0.048,0.007,0,125578
1725,0.048,0.007,1,3787
1726,0.048,0.007,2,1313
1727,0.048,0.007,3,1868
1728,0.048,0.007,4,1101
1729,0.048,0.007,5,1485
1730,0.048,0.007,6,1565
1731,0.048,0.007,7,1579
1732,0.048,0.007,8,1195
1733,0.048,0.007,9,1666
1734,0.048,0.007,10,1789
1735,0.048,0.007,11,1585
1736,0.048,0.007,12,1804
1737,0.048,0.007,13,2443
1738,0.048,0.007,14,1719
1739,0.048,0.007,15,1584
1740,0.048,0.007,16,2006
1741,0.048,0.007,17,1549
1742,0.048,0.007,18,1469
1743,0.048,0.007,19,1909
1744,0.048,0.007,20,1587
1745,0.048,0.007,21,1304
1746,0.048,0.007,22,1551
1747,0.048,0.007,23,1439
1748,0.048,0.007,24,1230
1749,0.048,0.007,25,781
1750,0.048,0.007,26,1068
1751,0.048,0.007,27,550
1752,0.048,0.007,28,396
1753,0.048,0.007,29,62
1754,0.048,0.007,30,308
1755,0.048,0.007,31,16
1756,0.048,0.007,32,154
1757,0.048,0.007,33,32
1758,0.048,0.007,34,72
1759,0.048,0.008,0,126107
1760,0.048,0.008,1,3832
1761,0.048,0.008,2,1874
1762,0.048,0.008,3,1497
1763,0.048,0.008,4,1354
1764,0.048,0.008,5,959
1765,0.048,0.008,6,1202
1766,0.048,0.008,7,1274
1767,0.048,0.008,8,1899
1768,0.048,0.008,9,1744
1769,0.048,0.008,10,1512
1770,0.048,0.008,11,2042
1771,0.048,0.008,12,1466
1772,0.048,0.008,13,1468
1773,0.048,0.008,14,1847
1774,0.048,0.008,15,1980
1775,0.048,0.008,16,1771
1776,0.048,0.008,17,2085
1777,0.048,0.008,18,1703
1778,0.048,0.008,19,1338
1779,0.048,0.008,20,1983
1780,0.048,0.008,21,1452
1781,0.048,0.008,22,1089
1782,0.048,0.008,23,973
1783,0.048,0.008,24,1368
1784,0.048,0.008,25,896
1785,0.048,0.008,26,403
1786,0.048,0.008,27,390
1787,0.048,0.008,28,482
1788,0.048,0.008,29,276
1789,0.048,0.008,30,20
1790,0.048,0.008,31,200
1791,0.048,0.008,32,166
1792,0.048,0.008,33,59
1793,0.048,0.008,34,44
1794,0.048,0.009,0,125220
1795,0.048,0.009,1,3732
1796,0.048,0.009,2,1209
1797,0.048,0.009,3,1550
1798,0.048,0.009,4,1175
1799,0.048,0.009,5,1303
1800,0.048,0.009,6,1059
1801,0.048,0.009,7,1724
1802,0.048,0.009,8,1148
1803,0.048,0.009,9,1203
1804,0.048,0.009,10,1887
1805,0.048,0.009,11,1696
1806,0.048,0.009,12,2015
1807,0.048,0.009,13,2269
1808,0.048,0.009,14,2037
1809,0.048,0.009,15,2128
1810,0.048,0.009,16,1963
1811,0.048,0.009,17,1991
1812,0.048,0.009,18,1872
1813,0.048,0.009,19,2101
1814,0.048,0.009,20,2011
1815,0.048,0.009,21,1675
1816,0.048,0.009,22,1533
1817,0.048,0.009,23,1336
1818,0.048,0.009,24,1264
1819,0.048,0.009,25,589
1820,0.048,0.009,26,522
1821,0.048,0.009,27,781
1822,0.048,0.009,28,570
1823,0.048,0.009,29,182
1824,0.048,0.009,30,126
1825,0.048,0.009,31,207
1826,0.048,0.009,32,12
1827,0.048,0.009,33,55
1828,0.054,0.0,0,58449
1829,0.054,0.0,1,474
1830,0.054,0.0,2,138
1831,0.054,0.0,3,75
1832,0.054,0.0,4,51
1833,0.054,0.0,5,109
1834,0.054,0.0,6,88
1835,0.054,0.0,7,32
1836,0.054,0.0,8,168
1837,0.054,0.0,9,60
1838,0.054,0.0,11,37
1839,0.054,0.0,13,51
1840,0.054,0.0,17,66
1841,0.054,0.0,18,1
1842,0.054,0.001,0,133692
1843,0.054,0.001,1,3515
1844,0.054,0.001,2,1410
1845,0.054,0.001,3,891
1846,0.054,0.001,4,760
1847,0.054,0.001,5,900
1848,0.054,0.001,6,1381
1849,0.054,0.001,7,1293
1850,0.054,0.001,8,1144
1851,0.054,0.001,9,1352
1852,0.054,0.001,10,1141
1853,0.054,0.001,11,2091
1854,0.054,0.001,12,1402
1855,0.054,0.001,13,1867
1856,0.054,0.001,14,1782
1857,0.054,0.001,15,1948
1858,0.054,0.001,16,1597
1859,0.054,0.001,17,1953
1860,0.054,0.001,18,1301
1861,0.054,0.001,19,1324
1862,0.054,0.001,20,1503
1863,0.054,0.001,21,1046
1864,0.054,0.001,22,1309
1865,0.054,0.001,23,888
1866,0.054,0.001,24,752
1867,0.054,0.001,25,740
1868,0.054,0.001,26,664
1869,0.054,0.001,27,494
1870,0.054,0.001,28,359
1871,0.054,0.001,29,423
1872,0.054,0.001,30,90
1873,0.054,0.001,31,236
1874,0.054,0.001,32,78
1875,0.054,0.001,33,58
1876,0.054,0.002,0,130946
1877,0.054,0.002,1,3576
1878,0.054,0.002,2,1336
1879,0.054,0.002,3,1179
1880,0.054,0.002,4,1137
1881,0.054,0.002,5,834
1882,0.054,0.002,6,1212
1883,0.054,0.002,7,1991
1884,0.054,0.002,8,1730
1885,0.054,0.002,9,1718
1886,0.054,0.002,10,1108
1887,0.054,0.002,11,1569
1888,0.054,0.002,12,1928
1889,0.054,0.002,13,1557
1890,0.054,0.002,14,1709
1891,0.054,0.002,15,1574
1892,0.054,0.002,16,1405
1893,0.054,0.002,17,1540
1894,0.054,0.002,18,1863
1895,0.054,0.002,19,1567
1896,0.054,0.002,20,1388
1897,0.054,0.002,21,1257
1898,0.054,0.002,22,1636
1899,0.054,0.002,23,1299
1900,0.054,0.002,24,1305
1901,0.054,0.002,25,922
1902,0.054,0.002,26,660
1903,0.054,0.002,27,609
1904,0.054,0.002,28,657
1905,0.054,0.002,29,383
1906,0.054,0.002,30,224
1907,0.054,0.002,31,201
1908,0.054,0.002,32,295
1909,0.054,0.002,33,151
1910,0.054,0.002,34,131
1911,0.054,0.003,0,130612
1912,0.054,0.003,1,3671
1913,0.054,0.003,2,1298
1914,0.054,0.003,3,1322
1915,0.054,0.003,4,1184
1916,0.054,0.003,5,1190
1917,0.054,0.003,6,1639
1918,0.054,0.003,7,1353
1919,0.054,0.003,8,1561
1920,0.054,0.003,9,1081
1921,0.054,0.003,10,1459
1922,0.054,0.003,11,1825
1923,0.054,0.003,12,1590
1924,0.054,0.003,13,1953
1925,0.054,0.003,14,1838
1926,0.054,0.003,15,2008
1927,0.054,0.003,16,1428
1928,0.054,0.003,17,1771
1929,0.054,0.003,18,1439
1930,0.054,0.003,19,1646
1931,0.054,0.003,20,1991
1932,0.054,0.003,21,1559
1933,0.054,0.003,22,1240
1934,0.054,0.003,23,1073
1935,0.054,0.003,24,877
1936,0.054,0.003,25,600
1937,0.054,0.003,26,344
1938,0.054,0.003,27,349
1939,0.054,0.003,28,395
1940,0.054,0.003,29,247
1941,0.054,0.003,30,382
1942,0.054,0.003,31,218
1943,0.054,0.003,32,89
1944,0.054,0.003,33,134
1945,0.054,0.003,34,118
1946,0.054,0.004,0,128618
1947,0.054,0.004,1,3885
1948,0.054,0.004,2,1575
1949,0.054,0.004,3,1464
1950,0.054,0.004,4,1759
1951,0.054,0.004,5,1553
1952,0.054,0.004,6,1248
1953,0.054,0.004,7,1042
1954,0.054,0.004,8,966
1955,0.054,0.004,9,1903
1956,0.054,0.004,10,1305
1957,0.054,0.004,11,1511
1958,0.054,0.004,12,1554
1959,0.054,0.004,13,1462
1960,0.054,0.004,14,1391
1961,0.054,0.004,15,1558
1962,0.054,0.004,16,2287
1963,0.054,0.004,17,1798
1964,0.054,0.004,18,1804
1965,0.054,0.004,19,1739
1966,0.054,0.004,20,1942
1967,0.054,0.004,21,1830
1968,0.054,0.004,22,1613
1969,0.054,0.004,23,1361
1970,0.054,0.004,24,959
1971,0.054,0.004,25,1120
1972,0.054,0.004,26,744
1973,0.054,0.004,27,977
1974,0.054,0.004,28,367
1975,0.054,0.004,29,526
1976,0.054,0.004,30,403
1977,0.054,0.004,31,223
1978,0.054,0.004,32,458
1979,0.054,0.004,33,19
1980,0.054,0.004,34,117
1981,0.054,0.005,0,129115
1982,0.054,0.005,1,4472
1983,0.054,0.005,2,1153
1984,0.054,0.005,3,823
1985,0.054,0.005,4,974
1986,0.054,0.005,5,957
1987,0.054,0.005,6,848
1988,0.054,0.005,7,1301
1989,0.054,0.005,8,1265
1990,0.054,0.005,9,1613
1991,0.054,0.005,10,1862
1992,0.054,0.005,11,1810
1993,0.054,0.005,12,1554
1994,0.054,0.005,13,1709
1995,0.054,0.005,14,2261
1996,0.054,0.005,15,2147
1997,0.054,0.005,16,2153
1998,0.054,0.005,17,2175
1999,0.054,0.005,18,1797
2000,0.054,0.005,19,1419
2001,0.054,0.005,20,1465
2002,0.054,0.005,21,1787
2003,0.054,0.005,22,1390
2004,0.054,0.005,23,1322
2005,0.054,0.005,24,1444
2006,0.054,0.005,25,664
2007,0.054,0.005,26,997
2008,0.054,0.005,27,727
2009,0.054,0.005,28,389
2010,0.054,0.005,29,211
2011,0.054,0.005,30,302
2012,0.054,0.005,31,229
2013,0.054,0.005,32,360
2014,0.054,0.005,33,108
2015,0.054,0.005,34,36
2016,0.054,0.006,0,127941
2017,0.054,0.006,1,3677
2018,0.054,0.006,2,1831
2019,0.054,0.006,3,1697
2020,0.054,0.006,4,1091
2021,0.054,0.006,5,1682
2022,0.054,0.006,6,1574
2023,0.054,0.006,7,1433
2024,0.054,0.006,8,1305
2025,0.054,0.006,9,1721
2026,0.054,0.006,10,1377
2027,0.054,0.006,11,1725
2028,0.054,0.006,12,2760
2029,0.054,0.006,13,1630
2030,0.054,0.006,14,1782
2031,0.054,0.006,15,1680
2032,0.054,0.006,16,1713
2033,0.054,0.006,17,1618
2034,0.054,0.006,18,1845
2035,0.054,0.006,19,1801
2036,0.054,0.006,20,1823
2037,0.054,0.006,21,1338
2038,0.054,0.006,22,1634
2039,0.054,0.006,23,1731
2040,0.054,0.006,24,1152
2041,0.054,0.006,25,988
2042,0.054,0.006,26,718
2043,0.054,0.006,27,556
2044,0.054,0.006,28,762
2045,0.054,0.006,29,295
2046,0.054,0.006,30,244
2047,0.054,0.006,31,235
2048,0.054,0.006,32,57
2049,0.054,0.006,33,94
2050,0.054,0.006,34,19
2051,0.054,0.007,0,129681
2052,0.054,0.007,1,3823
2053,0.054,0.007,2,863
2054,0.054,0.007,3,1280
2055,0.054,0.007,4,1697
2056,0.054,0.007,5,1587
2057,0.054,0.007,6,1644
2058,0.054,0.007,7,1199
2059,0.054,0.007,8,1492
2060,0.054,0.007,9,1263
2061,0.054,0.007,10,1818
2062,0.054,0.007,11,1641
2063,0.054,0.007,12,998
2064,0.054,0.007,13,1649
2065,0.054,0.007,14,2078
2066,0.054,0.007,15,1834
2067,0.054,0.007,16,1959
2068,0.054,0.007,17,1642
2069,0.054,0.007,18,1662
2070,0.054,0.007,19,1930
2071,0.054,0.007,20,1582
2072,0.054,0.007,21,1457
2073,0.054,0.007,22,1426
2074,0.054,0.007,23,1154
2075,0.054,0.007,24,1239
2076,0.054,0.007,25,1475
2077,0.054,0.007,26,397
2078,0.054,0.007,27,714
2079,0.054,0.007,28,517
2080,0.054,0.007,29,557
2081,0.054,0.007,30,364
2082,0.054,0.007,31,239
2083,0.054,0.007,32,194
2084,0.054,0.007,33,218
2085,0.054,0.007,34,184
2086,0.054,0.008,0,126979
2087,0.054,0.008,1,3856
2088,0.054,0.008,2,1469
2089,0.054,0.008,3,1901
2090,0.054,0.008,4,1629
2091,0.054,0.008,5,1284
2092,0.054,0.008,6,1186
2093,0.054,0.008,7,2003
2094,0.054,0.008,8,1741
2095,0.054,0.008,9,1369
2096,0.054,0.008,10,1790
2097,0.054,0.008,11,1567
2098,0.054,0.008,12,2022
2099,0.054,0.008,13,1809
2100,0.054,0.008,14,1584
2101,0.054,0.008,15,1589
2102,0.054,0.008,16,1893
2103,0.054,0.008,17,2332
2104,0.054,0.008,18,1990
2105,0.054,0.008,19,1321
2106,0.054,0.008,20,1676
2107,0.054,0.008,21,2067
2108,0.054,0.008,22,1297
2109,0.054,0.008,23,1394
2110,0.054,0.008,24,1171
2111,0.054,0.008,25,1040
2112,0.054,0.008,26,945
2113,0.054,0.008,27,637
2114,0.054,0.008,28,306
2115,0.054,0.008,29,591
2116,0.054,0.008,30,221
2117,0.054,0.008,31,274
2118,0.054,0.008,32,186
2119,0.054,0.008,33,250
2120,0.054,0.009,0,126920
2121,0.054,0.009,1,3976
2122,0.054,0.009,2,1225
2123,0.054,0.009,3,1271
2124,0.054,0.009,4,1690
2125,0.054,0.009,5,1162
2126,0.054,0.009,6,1322
2127,0.054,0.009,7,1503
2128,0.054,0.009,8,1436
2129,0.054,0.009,9,1199
2130,0.054,0.009,10,1677
2131,0.054,0.009,11,2146
2132,0.054,0.009,12,1623
2133,0.054,0.009,13,2138
2134,0.054,0.009,14,1811
2135,0.054,0.009,15,1936
2136,0.054,0.009,16,2397
2137,0.054,0.009,17,1845
2138,0.054,0.009,18,1704
2139,0.054,0.009,19,1806
2140,0.054,0.009,20,1745
2141,0.054,0.009,21,1194
2142,0.054,0.009,22,2097
2143,0.054,0.009,23,1388
2144,0.054,0.009,24,1302
2145,0.054,0.009,25,1066
2146,0.054,0.009,26,481
2147,0.054,0.009,27,631
2148,0.054,0.009,28,372
2149,0.054,0.009,29,438
2150,0.054,0.009,30,561
2151,0.054,0.009,31,191
2152,0.054,0.009,32,56
2153,0.054,0.009,33,205
2154,0.054,0.009,34,64
