,sel,mig,Fbin,Nbin,freqR,orig,origsd,origmax
0,0.0,0.0,R0,19998.0,0.0001,1.0,0.0,1.0
1,0.0,0.0,R1,2.0,0.0001,1.0,0.0,1.0
2,0.0,0.0,R2,0.0,0.0001,1.0,0.0,1.0
3,0.0,0.0,R3,0.0,0.0001,1.0,0.0,1.0
4,0.0,0.0,R4,0.0,0.0001,1.0,0.0,1.0
5,0.0,0.0,R5,0.0,0.0001,1.0,0.0,1.0
6,0.0,0.0,R6,0.0,0.0001,1.0,0.0,1.0
7,0.0,0.0,R7,0.0,0.0001,1.0,0.0,1.0
8,0.0,0.0,R8,0.0,0.0001,1.0,0.0,1.0
9,0.0,0.0,R9,0.0,0.0001,1.0,0.0,1.0
10,0.0,0.0,R10,0.0,0.0001,1.0,0.0,1.0
11,0.0,0.0,R11,0.0,0.0001,1.0,0.0,1.0
12,0.0,0.0,R12,0.0,0.0001,1.0,0.0,1.0
13,0.0,0.0,R13,0.0,0.0001,1.0,0.0,1.0
14,0.0,0.0,R14,0.0,0.0001,1.0,0.0,1.0
15,0.0,0.0,R15,0.0,0.0001,1.0,0.0,1.0
16,0.0,0.0,R16,0.0,0.0001,1.0,0.0,1.0
17,0.0,0.0,R17,0.0,0.0001,1.0,0.0,1.0
18,0.0,0.0,R18,0.0,0.0001,1.0,0.0,1.0
19,0.0,0.0,R19,0.0,0.0001,1.0,0.0,1.0
20,0.0,0.0,R20,0.0,0.0001,1.0,0.0,1.0
21,0.0,0.001,R0,19996.0,0.0002,1.0,0.0,1.0
22,0.0,0.001,R1,3.0,0.0002,1.0,0.0,1.0
23,0.0,0.001,R2,0.0,0.0002,1.0,0.0,1.0
24,0.0,0.001,R3,0.0,0.0002,1.0,0.0,1.0
25,0.0,0.001,R4,0.0,0.0002,1.0,0.0,1.0
26,0.0,0.001,R5,0.0,0.0002,1.0,0.0,1.0
27,0.0,0.001,R6,0.0,0.0002,1.0,0.0,1.0
28,0.0,0.001,R7,0.0,0.0002,1.0,0.0,1.0
29,0.0,0.001,R8,0.0,0.0002,1.0,0.0,1.0
30,0.0,0.001,R9,0.0,0.0002,1.0,0.0,1.0
31,0.0,0.001,R10,0.0,0.0002,1.0,0.0,1.0
32,0.0,0.001,R11,0.0,0.0002,1.0,0.0,1.0
33,0.0,0.001,R12,0.0,0.0002,1.0,0.0,1.0
34,0.0,0.001,R13,0.0,0.0002,1.0,0.0,1.0
35,0.0,0.001,R14,0.0,0.0002,1.0,0.0,1.0
36,0.0,0.001,R15,0.0,0.0002,1.0,0.0,1.0
37,0.0,0.001,R16,0.0,0.0002,1.0,0.0,1.0
38,0.0,0.001,R17,0.0,0.0002,1.0,0.0,1.0
39,0.0,0.001,R18,0.0,0.0002,1.0,0.0,1.0
40,0.0,0.001,R19,0.0,0.0002,1.0,0.0,1.0
41,0.0,0.001,R20,0.0,0.0002,1.0,0.0,1.0
42,0.0,0.002,R0,19998.0,0.0001,1.0,0.0,1.0
43,0.0,0.002,R1,2.0,0.0001,1.0,0.0,1.0
44,0.0,0.002,R2,0.0,0.0001,1.0,0.0,1.0
45,0.0,0.002,R3,0.0,0.0001,1.0,0.0,1.0
46,0.0,0.002,R4,0.0,0.0001,1.0,0.0,1.0
47,0.0,0.002,R5,0.0,0.0001,1.0,0.0,1.0
48,0.0,0.002,R6,0.0,0.0001,1.0,0.0,1.0
49,0.0,0.002,R7,0.0,0.0001,1.0,0.0,1.0
50,0.0,0.002,R8,0.0,0.0001,1.0,0.0,1.0
51,0.0,0.002,R9,0.0,0.0001,1.0,0.0,1.0
52,0.0,0.002,R10,0.0,0.0001,1.0,0.0,1.0
53,0.0,0.002,R11,0.0,0.0001,1.0,0.0,1.0
54,0.0,0.002,R12,0.0,0.0001,1.0,0.0,1.0
55,0.0,0.002,R13,0.0,0.0001,1.0,0.0,1.0
56,0.0,0.002,R14,0.0,0.0001,1.0,0.0,1.0
57,0.0,0.002,R15,0.0,0.0001,1.0,0.0,1.0
58,0.0,0.002,R16,0.0,0.0001,1.0,0.0,1.0
59,0.0,0.002,R17,0.0,0.0001,1.0,0.0,1.0
60,0.0,0.002,R18,0.0,0.0001,1.0,0.0,1.0
61,0.0,0.002,R19,0.0,0.0001,1.0,0.0,1.0
62,0.0,0.002,R20,0.0,0.0001,1.0,0.0,1.0
63,0.0,0.003,R0,19999.0,5e-05,1.0,0.0,1.0
64,0.0,0.003,R1,1.0,5e-05,1.0,0.0,1.0
65,0.0,0.003,R2,0.0,5e-05,1.0,0.0,1.0
66,0.0,0.003,R3,0.0,5e-05,1.0,0.0,1.0
67,0.0,0.003,R4,0.0,5e-05,1.0,0.0,1.0
68,0.0,0.003,R5,0.0,5e-05,1.0,0.0,1.0
69,0.0,0.003,R6,0.0,5e-05,1.0,0.0,1.0
70,0.0,0.003,R7,0.0,5e-05,1.0,0.0,1.0
71,0.0,0.003,R8,0.0,5e-05,1.0,0.0,1.0
72,0.0,0.003,R9,0.0,5e-05,1.0,0.0,1.0
73,0.0,0.003,R10,0.0,5e-05,1.0,0.0,1.0
74,0.0,0.003,R11,0.0,5e-05,1.0,0.0,1.0
75,0.0,0.003,R12,0.0,5e-05,1.0,0.0,1.0
76,0.0,0.003,R13,0.0,5e-05,1.0,0.0,1.0
77,0.0,0.003,R14,0.0,5e-05,1.0,0.0,1.0
78,0.0,0.003,R15,0.0,5e-05,1.0,0.0,1.0
79,0.0,0.003,R16,0.0,5e-05,1.0,0.0,1.0
80,0.0,0.003,R17,0.0,5e-05,1.0,0.0,1.0
81,0.0,0.003,R18,0.0,5e-05,1.0,0.0,1.0
82,0.0,0.003,R19,0.0,5e-05,1.0,0.0,1.0
83,0.0,0.003,R20,0.0,5e-05,1.0,0.0,1.0
84,0.0,0.004,R0,19977.0,0.00015015015015,1.0,0.0,1.0
85,0.0,0.004,R1,3.0,0.00015015015015,1.0,0.0,1.0
86,0.0,0.004,R2,0.0,0.00015015015015,1.0,0.0,1.0
87,0.0,0.004,R3,0.0,0.00015015015015,1.0,0.0,1.0
88,0.0,0.004,R4,0.0,0.00015015015015,1.0,0.0,1.0
89,0.0,0.004,R5,0.0,0.00015015015015,1.0,0.0,1.0
90,0.0,0.004,R6,0.0,0.00015015015015,1.0,0.0,1.0
91,0.0,0.004,R7,0.0,0.00015015015015,1.0,0.0,1.0
92,0.0,0.004,R8,0.0,0.00015015015015,1.0,0.0,1.0
93,0.0,0.004,R9,0.0,0.00015015015015,1.0,0.0,1.0
94,0.0,0.004,R10,0.0,0.00015015015015,1.0,0.0,1.0
95,0.0,0.004,R11,0.0,0.00015015015015,1.0,0.0,1.0
96,0.0,0.004,R12,0.0,0.00015015015015,1.0,0.0,1.0
97,0.0,0.004,R13,0.0,0.00015015015015,1.0,0.0,1.0
98,0.0,0.004,R14,0.0,0.00015015015015,1.0,0.0,1.0
99,0.0,0.004,R15,0.0,0.00015015015015,1.0,0.0,1.0
100,0.0,0.004,R16,0.0,0.00015015015015,1.0,0.0,1.0
101,0.0,0.004,R17,0.0,0.00015015015015,1.0,0.0,1.0
102,0.0,0.004,R18,0.0,0.00015015015015,1.0,0.0,1.0
103,0.0,0.004,R19,0.0,0.00015015015015,1.0,0.0,1.0
104,0.0,0.004,R20,0.0,0.00015015015015,1.0,0.0,1.0
105,0.0,0.005,R0,19996.0,0.0002,1.0,0.0,1.0
106,0.0,0.005,R1,4.0,0.0002,1.0,0.0,1.0
107,0.0,0.005,R2,0.0,0.0002,1.0,0.0,1.0
108,0.0,0.005,R3,0.0,0.0002,1.0,0.0,1.0
109,0.0,0.005,R4,0.0,0.0002,1.0,0.0,1.0
110,0.0,0.005,R5,0.0,0.0002,1.0,0.0,1.0
111,0.0,0.005,R6,0.0,0.0002,1.0,0.0,1.0
112,0.0,0.005,R7,0.0,0.0002,1.0,0.0,1.0
113,0.0,0.005,R8,0.0,0.0002,1.0,0.0,1.0
114,0.0,0.005,R9,0.0,0.0002,1.0,0.0,1.0
115,0.0,0.005,R10,0.0,0.0002,1.0,0.0,1.0
116,0.0,0.005,R11,0.0,0.0002,1.0,0.0,1.0
117,0.0,0.005,R12,0.0,0.0002,1.0,0.0,1.0
118,0.0,0.005,R13,0.0,0.0002,1.0,0.0,1.0
119,0.0,0.005,R14,0.0,0.0002,1.0,0.0,1.0
120,0.0,0.005,R15,0.0,0.0002,1.0,0.0,1.0
121,0.0,0.005,R16,0.0,0.0002,1.0,0.0,1.0
122,0.0,0.005,R17,0.0,0.0002,1.0,0.0,1.0
123,0.0,0.005,R18,0.0,0.0002,1.0,0.0,1.0
124,0.0,0.005,R19,0.0,0.0002,1.0,0.0,1.0
125,0.0,0.005,R20,0.0,0.0002,1.0,0.0,1.0
126,0.0,0.006,R0,19999.0,5e-05,1.0,0.0,1.0
127,0.0,0.006,R1,1.0,5e-05,1.0,0.0,1.0
128,0.0,0.006,R2,0.0,5e-05,1.0,0.0,1.0
129,0.0,0.006,R3,0.0,5e-05,1.0,0.0,1.0
130,0.0,0.006,R4,0.0,5e-05,1.0,0.0,1.0
131,0.0,0.006,R5,0.0,5e-05,1.0,0.0,1.0
132,0.0,0.006,R6,0.0,5e-05,1.0,0.0,1.0
133,0.0,0.006,R7,0.0,5e-05,1.0,0.0,1.0
134,0.0,0.006,R8,0.0,5e-05,1.0,0.0,1.0
135,0.0,0.006,R9,0.0,5e-05,1.0,0.0,1.0
136,0.0,0.006,R10,0.0,5e-05,1.0,0.0,1.0
137,0.0,0.006,R11,0.0,5e-05,1.0,0.0,1.0
138,0.0,0.006,R12,0.0,5e-05,1.0,0.0,1.0
139,0.0,0.006,R13,0.0,5e-05,1.0,0.0,1.0
140,0.0,0.006,R14,0.0,5e-05,1.0,0.0,1.0
141,0.0,0.006,R15,0.0,5e-05,1.0,0.0,1.0
142,0.0,0.006,R16,0.0,5e-05,1.0,0.0,1.0
143,0.0,0.006,R17,0.0,5e-05,1.0,0.0,1.0
144,0.0,0.006,R18,0.0,5e-05,1.0,0.0,1.0
145,0.0,0.006,R19,0.0,5e-05,1.0,0.0,1.0
146,0.0,0.006,R20,0.0,5e-05,1.0,0.0,1.0
147,0.0,0.007,R0,19978.0,0.0001001001001,1.0,0.0,1.0
148,0.0,0.007,R1,2.0,0.0001001001001,1.0,0.0,1.0
149,0.0,0.007,R2,0.0,0.0001001001001,1.0,0.0,1.0
150,0.0,0.007,R3,0.0,0.0001001001001,1.0,0.0,1.0
151,0.0,0.007,R4,0.0,0.0001001001001,1.0,0.0,1.0
152,0.0,0.007,R5,0.0,0.0001001001001,1.0,0.0,1.0
153,0.0,0.007,R6,0.0,0.0001001001001,1.0,0.0,1.0
154,0.0,0.007,R7,0.0,0.0001001001001,1.0,0.0,1.0
155,0.0,0.007,R8,0.0,0.0001001001001,1.0,0.0,1.0
156,0.0,0.007,R9,0.0,0.0001001001001,1.0,0.0,1.0
157,0.0,0.007,R10,0.0,0.0001001001001,1.0,0.0,1.0
158,0.0,0.007,R11,0.0,0.0001001001001,1.0,0.0,1.0
159,0.0,0.007,R12,0.0,0.0001001001001,1.0,0.0,1.0
160,0.0,0.007,R13,0.0,0.0001001001001,1.0,0.0,1.0
161,0.0,0.007,R14,0.0,0.0001001001001,1.0,0.0,1.0
162,0.0,0.007,R15,0.0,0.0001001001001,1.0,0.0,1.0
163,0.0,0.007,R16,0.0,0.0001001001001,1.0,0.0,1.0
164,0.0,0.007,R17,0.0,0.0001001001001,1.0,0.0,1.0
165,0.0,0.007,R18,0.0,0.0001001001001,1.0,0.0,1.0
166,0.0,0.007,R19,0.0,0.0001001001001,1.0,0.0,1.0
167,0.0,0.007,R20,0.0,0.0001001001001,1.0,0.0,1.0
168,0.0,0.008,R0,19959.0,5.01002004008e-05,1.0,0.0,1.0
169,0.0,0.008,R1,1.0,5.01002004008e-05,1.0,0.0,1.0
170,0.0,0.008,R2,0.0,5.01002004008e-05,1.0,0.0,1.0
171,0.0,0.008,R3,0.0,5.01002004008e-05,1.0,0.0,1.0
172,0.0,0.008,R4,0.0,5.01002004008e-05,1.0,0.0,1.0
173,0.0,0.008,R5,0.0,5.01002004008e-05,1.0,0.0,1.0
174,0.0,0.008,R6,0.0,5.01002004008e-05,1.0,0.0,1.0
175,0.0,0.008,R7,0.0,5.01002004008e-05,1.0,0.0,1.0
176,0.0,0.008,R8,0.0,5.01002004008e-05,1.0,0.0,1.0
177,0.0,0.008,R9,0.0,5.01002004008e-05,1.0,0.0,1.0
178,0.0,0.008,R10,0.0,5.01002004008e-05,1.0,0.0,1.0
179,0.0,0.008,R11,0.0,5.01002004008e-05,1.0,0.0,1.0
180,0.0,0.008,R12,0.0,5.01002004008e-05,1.0,0.0,1.0
181,0.0,0.008,R13,0.0,5.01002004008e-05,1.0,0.0,1.0
182,0.0,0.008,R14,0.0,5.01002004008e-05,1.0,0.0,1.0
183,0.0,0.008,R15,0.0,5.01002004008e-05,1.0,0.0,1.0
184,0.0,0.008,R16,0.0,5.01002004008e-05,1.0,0.0,1.0
185,0.0,0.008,R17,0.0,5.01002004008e-05,1.0,0.0,1.0
186,0.0,0.008,R18,0.0,5.01002004008e-05,1.0,0.0,1.0
187,0.0,0.008,R19,0.0,5.01002004008e-05,1.0,0.0,1.0
188,0.0,0.008,R20,0.0,5.01002004008e-05,1.0,0.0,1.0
189,0.0,0.009,R0,19999.0,5e-05,1.0,0.0,1.0
190,0.0,0.009,R1,1.0,5e-05,1.0,0.0,1.0
191,0.0,0.009,R2,0.0,5e-05,1.0,0.0,1.0
192,0.0,0.009,R3,0.0,5e-05,1.0,0.0,1.0
193,0.0,0.009,R4,0.0,5e-05,1.0,0.0,1.0
194,0.0,0.009,R5,0.0,5e-05,1.0,0.0,1.0
195,0.0,0.009,R6,0.0,5e-05,1.0,0.0,1.0
196,0.0,0.009,R7,0.0,5e-05,1.0,0.0,1.0
197,0.0,0.009,R8,0.0,5e-05,1.0,0.0,1.0
198,0.0,0.009,R9,0.0,5e-05,1.0,0.0,1.0
199,0.0,0.009,R10,0.0,5e-05,1.0,0.0,1.0
200,0.0,0.009,R11,0.0,5e-05,1.0,0.0,1.0
201,0.0,0.009,R12,0.0,5e-05,1.0,0.0,1.0
202,0.0,0.009,R13,0.0,5e-05,1.0,0.0,1.0
203,0.0,0.009,R14,0.0,5e-05,1.0,0.0,1.0
204,0.0,0.009,R15,0.0,5e-05,1.0,0.0,1.0
205,0.0,0.009,R16,0.0,5e-05,1.0,0.0,1.0
206,0.0,0.009,R17,0.0,5e-05,1.0,0.0,1.0
207,0.0,0.009,R18,0.0,5e-05,1.0,0.0,1.0
208,0.0,0.009,R19,0.0,5e-05,1.0,0.0,1.0
209,0.0,0.009,R20,0.0,5e-05,1.0,0.0,1.0
210,0.006,0.0,R0,19997.0,0.00015,1.0,0.0,1.0
211,0.006,0.0,R1,3.0,0.00015,1.0,0.0,1.0
212,0.006,0.0,R2,0.0,0.00015,1.0,0.0,1.0
213,0.006,0.0,R3,0.0,0.00015,1.0,0.0,1.0
214,0.006,0.0,R4,0.0,0.00015,1.0,0.0,1.0
215,0.006,0.0,R5,0.0,0.00015,1.0,0.0,1.0
216,0.006,0.0,R6,0.0,0.00015,1.0,0.0,1.0
217,0.006,0.0,R7,0.0,0.00015,1.0,0.0,1.0
218,0.006,0.0,R8,0.0,0.00015,1.0,0.0,1.0
219,0.006,0.0,R9,0.0,0.00015,1.0,0.0,1.0
220,0.006,0.0,R10,0.0,0.00015,1.0,0.0,1.0
221,0.006,0.0,R11,0.0,0.00015,1.0,0.0,1.0
222,0.006,0.0,R12,0.0,0.00015,1.0,0.0,1.0
223,0.006,0.0,R13,0.0,0.00015,1.0,0.0,1.0
224,0.006,0.0,R14,0.0,0.00015,1.0,0.0,1.0
225,0.006,0.0,R15,0.0,0.00015,1.0,0.0,1.0
226,0.006,0.0,R16,0.0,0.00015,1.0,0.0,1.0
227,0.006,0.0,R17,0.0,0.00015,1.0,0.0,1.0
228,0.006,0.0,R18,0.0,0.00015,1.0,0.0,1.0
229,0.006,0.0,R19,0.0,0.00015,1.0,0.0,1.0
230,0.006,0.0,R20,0.0,0.00015,1.0,0.0,1.0
231,0.006,0.001,R0,19976.0,0.0002002002002,1.0,0.0,1.0
232,0.006,0.001,R1,4.0,0.0002002002002,1.0,0.0,1.0
233,0.006,0.001,R2,0.0,0.0002002002002,1.0,0.0,1.0
234,0.006,0.001,R3,0.0,0.0002002002002,1.0,0.0,1.0
235,0.006,0.001,R4,0.0,0.0002002002002,1.0,0.0,1.0
236,0.006,0.001,R5,0.0,0.0002002002002,1.0,0.0,1.0
237,0.006,0.001,R6,0.0,0.0002002002002,1.0,0.0,1.0
238,0.006,0.001,R7,0.0,0.0002002002002,1.0,0.0,1.0
239,0.006,0.001,R8,0.0,0.0002002002002,1.0,0.0,1.0
240,0.006,0.001,R9,0.0,0.0002002002002,1.0,0.0,1.0
241,0.006,0.001,R10,0.0,0.0002002002002,1.0,0.0,1.0
242,0.006,0.001,R11,0.0,0.0002002002002,1.0,0.0,1.0
243,0.006,0.001,R12,0.0,0.0002002002002,1.0,0.0,1.0
244,0.006,0.001,R13,0.0,0.0002002002002,1.0,0.0,1.0
245,0.006,0.001,R14,0.0,0.0002002002002,1.0,0.0,1.0
246,0.006,0.001,R15,0.0,0.0002002002002,1.0,0.0,1.0
247,0.006,0.001,R16,0.0,0.0002002002002,1.0,0.0,1.0
248,0.006,0.001,R17,0.0,0.0002002002002,1.0,0.0,1.0
249,0.006,0.001,R18,0.0,0.0002002002002,1.0,0.0,1.0
250,0.006,0.001,R19,0.0,0.0002002002002,1.0,0.0,1.0
251,0.006,0.001,R20,0.0,0.0002002002002,1.0,0.0,1.0
252,0.006,0.002,R0,19996.0,0.0002,1.0,0.0,1.0
253,0.006,0.002,R1,4.0,0.0002,1.0,0.0,1.0
254,0.006,0.002,R2,0.0,0.0002,1.0,0.0,1.0
255,0.006,0.002,R3,0.0,0.0002,1.0,0.0,1.0
256,0.006,0.002,R4,0.0,0.0002,1.0,0.0,1.0
257,0.006,0.002,R5,0.0,0.0002,1.0,0.0,1.0
258,0.006,0.002,R6,0.0,0.0002,1.0,0.0,1.0
259,0.006,0.002,R7,0.0,0.0002,1.0,0.0,1.0
260,0.006,0.002,R8,0.0,0.0002,1.0,0.0,1.0
261,0.006,0.002,R9,0.0,0.0002,1.0,0.0,1.0
262,0.006,0.002,R10,0.0,0.0002,1.0,0.0,1.0
263,0.006,0.002,R11,0.0,0.0002,1.0,0.0,1.0
264,0.006,0.002,R12,0.0,0.0002,1.0,0.0,1.0
265,0.006,0.002,R13,0.0,0.0002,1.0,0.0,1.0
266,0.006,0.002,R14,0.0,0.0002,1.0,0.0,1.0
267,0.006,0.002,R15,0.0,0.0002,1.0,0.0,1.0
268,0.006,0.002,R16,0.0,0.0002,1.0,0.0,1.0
269,0.006,0.002,R17,0.0,0.0002,1.0,0.0,1.0
270,0.006,0.002,R18,0.0,0.0002,1.0,0.0,1.0
271,0.006,0.002,R19,0.0,0.0002,1.0,0.0,1.0
272,0.006,0.002,R20,0.0,0.0002,1.0,0.0,1.0
273,0.006,0.003,R0,19980.0,0.0,1.0,0.0,1.0
274,0.006,0.003,R1,0.0,0.0,1.0,0.0,1.0
275,0.006,0.003,R2,0.0,0.0,1.0,0.0,1.0
276,0.006,0.003,R3,0.0,0.0,1.0,0.0,1.0
277,0.006,0.003,R4,0.0,0.0,1.0,0.0,1.0
278,0.006,0.003,R5,0.0,0.0,1.0,0.0,1.0
279,0.006,0.003,R6,0.0,0.0,1.0,0.0,1.0
280,0.006,0.003,R7,0.0,0.0,1.0,0.0,1.0
281,0.006,0.003,R8,0.0,0.0,1.0,0.0,1.0
282,0.006,0.003,R9,0.0,0.0,1.0,0.0,1.0
283,0.006,0.003,R10,0.0,0.0,1.0,0.0,1.0
284,0.006,0.003,R11,0.0,0.0,1.0,0.0,1.0
285,0.006,0.003,R12,0.0,0.0,1.0,0.0,1.0
286,0.006,0.003,R13,0.0,0.0,1.0,0.0,1.0
287,0.006,0.003,R14,0.0,0.0,1.0,0.0,1.0
288,0.006,0.003,R15,0.0,0.0,1.0,0.0,1.0
289,0.006,0.003,R16,0.0,0.0,1.0,0.0,1.0
290,0.006,0.003,R17,0.0,0.0,1.0,0.0,1.0
291,0.006,0.003,R18,0.0,0.0,1.0,0.0,1.0
292,0.006,0.003,R19,0.0,0.0,1.0,0.0,1.0
293,0.006,0.003,R20,0.0,0.0,1.0,0.0,1.0
294,0.006,0.004,R0,20000.0,0.0,1.0,0.0,1.0
295,0.006,0.004,R1,0.0,0.0,1.0,0.0,1.0
296,0.006,0.004,R2,0.0,0.0,1.0,0.0,1.0
297,0.006,0.004,R3,0.0,0.0,1.0,0.0,1.0
298,0.006,0.004,R4,0.0,0.0,1.0,0.0,1.0
299,0.006,0.004,R5,0.0,0.0,1.0,0.0,1.0
300,0.006,0.004,R6,0.0,0.0,1.0,0.0,1.0
301,0.006,0.004,R7,0.0,0.0,1.0,0.0,1.0
302,0.006,0.004,R8,0.0,0.0,1.0,0.0,1.0
303,0.006,0.004,R9,0.0,0.0,1.0,0.0,1.0
304,0.006,0.004,R10,0.0,0.0,1.0,0.0,1.0
305,0.006,0.004,R11,0.0,0.0,1.0,0.0,1.0
306,0.006,0.004,R12,0.0,0.0,1.0,0.0,1.0
307,0.006,0.004,R13,0.0,0.0,1.0,0.0,1.0
308,0.006,0.004,R14,0.0,0.0,1.0,0.0,1.0
309,0.006,0.004,R15,0.0,0.0,1.0,0.0,1.0
310,0.006,0.004,R16,0.0,0.0,1.0,0.0,1.0
311,0.006,0.004,R17,0.0,0.0,1.0,0.0,1.0
312,0.006,0.004,R18,0.0,0.0,1.0,0.0,1.0
313,0.006,0.004,R19,0.0,0.0,1.0,0.0,1.0
314,0.006,0.004,R20,0.0,0.0,1.0,0.0,1.0
315,0.006,0.005,R0,19978.0,0.0001001001001,1.001,0.0316069612586,2.0
316,0.006,0.005,R1,2.0,0.0001001001001,1.001,0.0316069612586,2.0
317,0.006,0.005,R2,0.0,0.0001001001001,1.001,0.0316069612586,2.0
318,0.006,0.005,R3,0.0,0.0001001001001,1.001,0.0316069612586,2.0
319,0.006,0.005,R4,0.0,0.0001001001001,1.001,0.0316069612586,2.0
320,0.006,0.005,R5,0.0,0.0001001001001,1.001,0.0316069612586,2.0
321,0.006,0.005,R6,0.0,0.0001001001001,1.001,0.0316069612586,2.0
322,0.006,0.005,R7,0.0,0.0001001001001,1.001,0.0316069612586,2.0
323,0.006,0.005,R8,0.0,0.0001001001001,1.001,0.0316069612586,2.0
324,0.006,0.005,R9,0.0,0.0001001001001,1.001,0.0316069612586,2.0
325,0.006,0.005,R10,0.0,0.0001001001001,1.001,0.0316069612586,2.0
326,0.006,0.005,R11,0.0,0.0001001001001,1.001,0.0316069612586,2.0
327,0.006,0.005,R12,0.0,0.0001001001001,1.001,0.0316069612586,2.0
328,0.006,0.005,R13,0.0,0.0001001001001,1.001,0.0316069612586,2.0
329,0.006,0.005,R14,0.0,0.0001001001001,1.001,0.0316069612586,2.0
330,0.006,0.005,R15,0.0,0.0001001001001,1.001,0.0316069612586,2.0
331,0.006,0.005,R16,0.0,0.0001001001001,1.001,0.0316069612586,2.0
332,0.006,0.005,R17,0.0,0.0001001001001,1.001,0.0316069612586,2.0
333,0.006,0.005,R18,0.0,0.0001001001001,1.001,0.0316069612586,2.0
334,0.006,0.005,R19,0.0,0.0001001001001,1.001,0.0316069612586,2.0
335,0.006,0.005,R20,0.0,0.0001001001001,1.001,0.0316069612586,2.0
336,0.006,0.006,R0,19978.0,0.0001001001001,1.0,0.0,1.0
337,0.006,0.006,R1,2.0,0.0001001001001,1.0,0.0,1.0
338,0.006,0.006,R2,0.0,0.0001001001001,1.0,0.0,1.0
339,0.006,0.006,R3,0.0,0.0001001001001,1.0,0.0,1.0
340,0.006,0.006,R4,0.0,0.0001001001001,1.0,0.0,1.0
341,0.006,0.006,R5,0.0,0.0001001001001,1.0,0.0,1.0
342,0.006,0.006,R6,0.0,0.0001001001001,1.0,0.0,1.0
343,0.006,0.006,R7,0.0,0.0001001001001,1.0,0.0,1.0
344,0.006,0.006,R8,0.0,0.0001001001001,1.0,0.0,1.0
345,0.006,0.006,R9,0.0,0.0001001001001,1.0,0.0,1.0
346,0.006,0.006,R10,0.0,0.0001001001001,1.0,0.0,1.0
347,0.006,0.006,R11,0.0,0.0001001001001,1.0,0.0,1.0
348,0.006,0.006,R12,0.0,0.0001001001001,1.0,0.0,1.0
349,0.006,0.006,R13,0.0,0.0001001001001,1.0,0.0,1.0
350,0.006,0.006,R14,0.0,0.0001001001001,1.0,0.0,1.0
351,0.006,0.006,R15,0.0,0.0001001001001,1.0,0.0,1.0
352,0.006,0.006,R16,0.0,0.0001001001001,1.0,0.0,1.0
353,0.006,0.006,R17,0.0,0.0001001001001,1.0,0.0,1.0
354,0.006,0.006,R18,0.0,0.0001001001001,1.0,0.0,1.0
355,0.006,0.006,R19,0.0,0.0001001001001,1.0,0.0,1.0
356,0.006,0.006,R20,0.0,0.0001001001001,1.0,0.0,1.0
357,0.006,0.007,R0,19998.0,0.0001,1.0,0.0,1.0
358,0.006,0.007,R1,2.0,0.0001,1.0,0.0,1.0
359,0.006,0.007,R2,0.0,0.0001,1.0,0.0,1.0
360,0.006,0.007,R3,0.0,0.0001,1.0,0.0,1.0
361,0.006,0.007,R4,0.0,0.0001,1.0,0.0,1.0
362,0.006,0.007,R5,0.0,0.0001,1.0,0.0,1.0
363,0.006,0.007,R6,0.0,0.0001,1.0,0.0,1.0
364,0.006,0.007,R7,0.0,0.0001,1.0,0.0,1.0
365,0.006,0.007,R8,0.0,0.0001,1.0,0.0,1.0
366,0.006,0.007,R9,0.0,0.0001,1.0,0.0,1.0
367,0.006,0.007,R10,0.0,0.0001,1.0,0.0,1.0
368,0.006,0.007,R11,0.0,0.0001,1.0,0.0,1.0
369,0.006,0.007,R12,0.0,0.0001,1.0,0.0,1.0
370,0.006,0.007,R13,0.0,0.0001,1.0,0.0,1.0
371,0.006,0.007,R14,0.0,0.0001,1.0,0.0,1.0
372,0.006,0.007,R15,0.0,0.0001,1.0,0.0,1.0
373,0.006,0.007,R16,0.0,0.0001,1.0,0.0,1.0
374,0.006,0.007,R17,0.0,0.0001,1.0,0.0,1.0
375,0.006,0.007,R18,0.0,0.0001,1.0,0.0,1.0
376,0.006,0.007,R19,0.0,0.0001,1.0,0.0,1.0
377,0.006,0.007,R20,0.0,0.0001,1.0,0.0,1.0
378,0.006,0.008,R0,19999.0,5e-05,1.0,0.0,1.0
379,0.006,0.008,R1,1.0,5e-05,1.0,0.0,1.0
380,0.006,0.008,R2,0.0,5e-05,1.0,0.0,1.0
381,0.006,0.008,R3,0.0,5e-05,1.0,0.0,1.0
382,0.006,0.008,R4,0.0,5e-05,1.0,0.0,1.0
383,0.006,0.008,R5,0.0,5e-05,1.0,0.0,1.0
384,0.006,0.008,R6,0.0,5e-05,1.0,0.0,1.0
385,0.006,0.008,R7,0.0,5e-05,1.0,0.0,1.0
386,0.006,0.008,R8,0.0,5e-05,1.0,0.0,1.0
387,0.006,0.008,R9,0.0,5e-05,1.0,0.0,1.0
388,0.006,0.008,R10,0.0,5e-05,1.0,0.0,1.0
389,0.006,0.008,R11,0.0,5e-05,1.0,0.0,1.0
390,0.006,0.008,R12,0.0,5e-05,1.0,0.0,1.0
391,0.006,0.008,R13,0.0,5e-05,1.0,0.0,1.0
392,0.006,0.008,R14,0.0,5e-05,1.0,0.0,1.0
393,0.006,0.008,R15,0.0,5e-05,1.0,0.0,1.0
394,0.006,0.008,R16,0.0,5e-05,1.0,0.0,1.0
395,0.006,0.008,R17,0.0,5e-05,1.0,0.0,1.0
396,0.006,0.008,R18,0.0,5e-05,1.0,0.0,1.0
397,0.006,0.008,R19,0.0,5e-05,1.0,0.0,1.0
398,0.006,0.008,R20,0.0,5e-05,1.0,0.0,1.0
399,0.006,0.009,R0,19977.0,0.00015015015015,1.0,0.0,1.0
400,0.006,0.009,R1,3.0,0.00015015015015,1.0,0.0,1.0
401,0.006,0.009,R2,0.0,0.00015015015015,1.0,0.0,1.0
402,0.006,0.009,R3,0.0,0.00015015015015,1.0,0.0,1.0
403,0.006,0.009,R4,0.0,0.00015015015015,1.0,0.0,1.0
404,0.006,0.009,R5,0.0,0.00015015015015,1.0,0.0,1.0
405,0.006,0.009,R6,0.0,0.00015015015015,1.0,0.0,1.0
406,0.006,0.009,R7,0.0,0.00015015015015,1.0,0.0,1.0
407,0.006,0.009,R8,0.0,0.00015015015015,1.0,0.0,1.0
408,0.006,0.009,R9,0.0,0.00015015015015,1.0,0.0,1.0
409,0.006,0.009,R10,0.0,0.00015015015015,1.0,0.0,1.0
410,0.006,0.009,R11,0.0,0.00015015015015,1.0,0.0,1.0
411,0.006,0.009,R12,0.0,0.00015015015015,1.0,0.0,1.0
412,0.006,0.009,R13,0.0,0.00015015015015,1.0,0.0,1.0
413,0.006,0.009,R14,0.0,0.00015015015015,1.0,0.0,1.0
414,0.006,0.009,R15,0.0,0.00015015015015,1.0,0.0,1.0
415,0.006,0.009,R16,0.0,0.00015015015015,1.0,0.0,1.0
416,0.006,0.009,R17,0.0,0.00015015015015,1.0,0.0,1.0
417,0.006,0.009,R18,0.0,0.00015015015015,1.0,0.0,1.0
418,0.006,0.009,R19,0.0,0.00015015015015,1.0,0.0,1.0
419,0.006,0.009,R20,0.0,0.00015015015015,1.0,0.0,1.0
420,0.012,0.0,R0,20000.0,0.0,1.0,0.0,1.0
421,0.012,0.0,R1,0.0,0.0,1.0,0.0,1.0
422,0.012,0.0,R2,0.0,0.0,1.0,0.0,1.0
423,0.012,0.0,R3,0.0,0.0,1.0,0.0,1.0
424,0.012,0.0,R4,0.0,0.0,1.0,0.0,1.0
425,0.012,0.0,R5,0.0,0.0,1.0,0.0,1.0
426,0.012,0.0,R6,0.0,0.0,1.0,0.0,1.0
427,0.012,0.0,R7,0.0,0.0,1.0,0.0,1.0
428,0.012,0.0,R8,0.0,0.0,1.0,0.0,1.0
429,0.012,0.0,R9,0.0,0.0,1.0,0.0,1.0
430,0.012,0.0,R10,0.0,0.0,1.0,0.0,1.0
431,0.012,0.0,R11,0.0,0.0,1.0,0.0,1.0
432,0.012,0.0,R12,0.0,0.0,1.0,0.0,1.0
433,0.012,0.0,R13,0.0,0.0,1.0,0.0,1.0
434,0.012,0.0,R14,0.0,0.0,1.0,0.0,1.0
435,0.012,0.0,R15,0.0,0.0,1.0,0.0,1.0
436,0.012,0.0,R16,0.0,0.0,1.0,0.0,1.0
437,0.012,0.0,R17,0.0,0.0,1.0,0.0,1.0
438,0.012,0.0,R18,0.0,0.0,1.0,0.0,1.0
439,0.012,0.0,R19,0.0,0.0,1.0,0.0,1.0
440,0.012,0.0,R20,0.0,0.0,1.0,0.0,1.0
441,0.012,0.001,R0,19978.0,0.0001001001001,1.0,0.0,1.0
442,0.012,0.001,R1,2.0,0.0001001001001,1.0,0.0,1.0
443,0.012,0.001,R2,0.0,0.0001001001001,1.0,0.0,1.0
444,0.012,0.001,R3,0.0,0.0001001001001,1.0,0.0,1.0
445,0.012,0.001,R4,0.0,0.0001001001001,1.0,0.0,1.0
446,0.012,0.001,R5,0.0,0.0001001001001,1.0,0.0,1.0
447,0.012,0.001,R6,0.0,0.0001001001001,1.0,0.0,1.0
448,0.012,0.001,R7,0.0,0.0001001001001,1.0,0.0,1.0
449,0.012,0.001,R8,0.0,0.0001001001001,1.0,0.0,1.0
450,0.012,0.001,R9,0.0,0.0001001001001,1.0,0.0,1.0
451,0.012,0.001,R10,0.0,0.0001001001001,1.0,0.0,1.0
452,0.012,0.001,R11,0.0,0.0001001001001,1.0,0.0,1.0
453,0.012,0.001,R12,0.0,0.0001001001001,1.0,0.0,1.0
454,0.012,0.001,R13,0.0,0.0001001001001,1.0,0.0,1.0
455,0.012,0.001,R14,0.0,0.0001001001001,1.0,0.0,1.0
456,0.012,0.001,R15,0.0,0.0001001001001,1.0,0.0,1.0
457,0.012,0.001,R16,0.0,0.0001001001001,1.0,0.0,1.0
458,0.012,0.001,R17,0.0,0.0001001001001,1.0,0.0,1.0
459,0.012,0.001,R18,0.0,0.0001001001001,1.0,0.0,1.0
460,0.012,0.001,R19,0.0,0.0001001001001,1.0,0.0,1.0
461,0.012,0.001,R20,0.0,0.0001001001001,1.0,0.0,1.0
462,0.012,0.002,R0,19978.0,0.0001001001001,1.0,0.0,1.0
463,0.012,0.002,R1,2.0,0.0001001001001,1.0,0.0,1.0
464,0.012,0.002,R2,0.0,0.0001001001001,1.0,0.0,1.0
465,0.012,0.002,R3,0.0,0.0001001001001,1.0,0.0,1.0
466,0.012,0.002,R4,0.0,0.0001001001001,1.0,0.0,1.0
467,0.012,0.002,R5,0.0,0.0001001001001,1.0,0.0,1.0
468,0.012,0.002,R6,0.0,0.0001001001001,1.0,0.0,1.0
469,0.012,0.002,R7,0.0,0.0001001001001,1.0,0.0,1.0
470,0.012,0.002,R8,0.0,0.0001001001001,1.0,0.0,1.0
471,0.012,0.002,R9,0.0,0.0001001001001,1.0,0.0,1.0
472,0.012,0.002,R10,0.0,0.0001001001001,1.0,0.0,1.0
473,0.012,0.002,R11,0.0,0.0001001001001,1.0,0.0,1.0
474,0.012,0.002,R12,0.0,0.0001001001001,1.0,0.0,1.0
475,0.012,0.002,R13,0.0,0.0001001001001,1.0,0.0,1.0
476,0.012,0.002,R14,0.0,0.0001001001001,1.0,0.0,1.0
477,0.012,0.002,R15,0.0,0.0001001001001,1.0,0.0,1.0
478,0.012,0.002,R16,0.0,0.0001001001001,1.0,0.0,1.0
479,0.012,0.002,R17,0.0,0.0001001001001,1.0,0.0,1.0
480,0.012,0.002,R18,0.0,0.0001001001001,1.0,0.0,1.0
481,0.012,0.002,R19,0.0,0.0001001001001,1.0,0.0,1.0
482,0.012,0.002,R20,0.0,0.0001001001001,1.0,0.0,1.0
483,0.012,0.003,R0,19980.0,0.0,1.0,0.0,1.0
484,0.012,0.003,R1,0.0,0.0,1.0,0.0,1.0
485,0.012,0.003,R2,0.0,0.0,1.0,0.0,1.0
486,0.012,0.003,R3,0.0,0.0,1.0,0.0,1.0
487,0.012,0.003,R4,0.0,0.0,1.0,0.0,1.0
488,0.012,0.003,R5,0.0,0.0,1.0,0.0,1.0
489,0.012,0.003,R6,0.0,0.0,1.0,0.0,1.0
490,0.012,0.003,R7,0.0,0.0,1.0,0.0,1.0
491,0.012,0.003,R8,0.0,0.0,1.0,0.0,1.0
492,0.012,0.003,R9,0.0,0.0,1.0,0.0,1.0
493,0.012,0.003,R10,0.0,0.0,1.0,0.0,1.0
494,0.012,0.003,R11,0.0,0.0,1.0,0.0,1.0
495,0.012,0.003,R12,0.0,0.0,1.0,0.0,1.0
496,0.012,0.003,R13,0.0,0.0,1.0,0.0,1.0
497,0.012,0.003,R14,0.0,0.0,1.0,0.0,1.0
498,0.012,0.003,R15,0.0,0.0,1.0,0.0,1.0
499,0.012,0.003,R16,0.0,0.0,1.0,0.0,1.0
500,0.012,0.003,R17,0.0,0.0,1.0,0.0,1.0
501,0.012,0.003,R18,0.0,0.0,1.0,0.0,1.0
502,0.012,0.003,R19,0.0,0.0,1.0,0.0,1.0
503,0.012,0.003,R20,0.0,0.0,1.0,0.0,1.0
504,0.012,0.004,R0,19996.0,0.0002,1.0,0.0,1.0
505,0.012,0.004,R1,3.0,0.0002,1.0,0.0,1.0
506,0.012,0.004,R2,0.0,0.0002,1.0,0.0,1.0
507,0.012,0.004,R3,0.0,0.0002,1.0,0.0,1.0
508,0.012,0.004,R4,0.0,0.0002,1.0,0.0,1.0
509,0.012,0.004,R5,0.0,0.0002,1.0,0.0,1.0
510,0.012,0.004,R6,0.0,0.0002,1.0,0.0,1.0
511,0.012,0.004,R7,0.0,0.0002,1.0,0.0,1.0
512,0.012,0.004,R8,0.0,0.0002,1.0,0.0,1.0
513,0.012,0.004,R9,0.0,0.0002,1.0,0.0,1.0
514,0.012,0.004,R10,0.0,0.0002,1.0,0.0,1.0
515,0.012,0.004,R11,0.0,0.0002,1.0,0.0,1.0
516,0.012,0.004,R12,0.0,0.0002,1.0,0.0,1.0
517,0.012,0.004,R13,0.0,0.0002,1.0,0.0,1.0
518,0.012,0.004,R14,0.0,0.0002,1.0,0.0,1.0
519,0.012,0.004,R15,0.0,0.0002,1.0,0.0,1.0
520,0.012,0.004,R16,0.0,0.0002,1.0,0.0,1.0
521,0.012,0.004,R17,0.0,0.0002,1.0,0.0,1.0
522,0.012,0.004,R18,0.0,0.0002,1.0,0.0,1.0
523,0.012,0.004,R19,0.0,0.0002,1.0,0.0,1.0
524,0.012,0.004,R20,0.0,0.0002,1.0,0.0,1.0
525,0.012,0.005,R0,19977.0,0.00015015015015,1.0,0.0,1.0
526,0.012,0.005,R1,3.0,0.00015015015015,1.0,0.0,1.0
527,0.012,0.005,R2,0.0,0.00015015015015,1.0,0.0,1.0
528,0.012,0.005,R3,0.0,0.00015015015015,1.0,0.0,1.0
529,0.012,0.005,R4,0.0,0.00015015015015,1.0,0.0,1.0
530,0.012,0.005,R5,0.0,0.00015015015015,1.0,0.0,1.0
531,0.012,0.005,R6,0.0,0.00015015015015,1.0,0.0,1.0
532,0.012,0.005,R7,0.0,0.00015015015015,1.0,0.0,1.0
533,0.012,0.005,R8,0.0,0.00015015015015,1.0,0.0,1.0
534,0.012,0.005,R9,0.0,0.00015015015015,1.0,0.0,1.0
535,0.012,0.005,R10,0.0,0.00015015015015,1.0,0.0,1.0
536,0.012,0.005,R11,0.0,0.00015015015015,1.0,0.0,1.0
537,0.012,0.005,R12,0.0,0.00015015015015,1.0,0.0,1.0
538,0.012,0.005,R13,0.0,0.00015015015015,1.0,0.0,1.0
539,0.012,0.005,R14,0.0,0.00015015015015,1.0,0.0,1.0
540,0.012,0.005,R15,0.0,0.00015015015015,1.0,0.0,1.0
541,0.012,0.005,R16,0.0,0.00015015015015,1.0,0.0,1.0
542,0.012,0.005,R17,0.0,0.00015015015015,1.0,0.0,1.0
543,0.012,0.005,R18,0.0,0.00015015015015,1.0,0.0,1.0
544,0.012,0.005,R19,0.0,0.00015015015015,1.0,0.0,1.0
545,0.012,0.005,R20,0.0,0.00015015015015,1.0,0.0,1.0
546,0.012,0.006,R0,19980.0,0.0,1.0,0.0,1.0
547,0.012,0.006,R1,0.0,0.0,1.0,0.0,1.0
548,0.012,0.006,R2,0.0,0.0,1.0,0.0,1.0
549,0.012,0.006,R3,0.0,0.0,1.0,0.0,1.0
550,0.012,0.006,R4,0.0,0.0,1.0,0.0,1.0
551,0.012,0.006,R5,0.0,0.0,1.0,0.0,1.0
552,0.012,0.006,R6,0.0,0.0,1.0,0.0,1.0
553,0.012,0.006,R7,0.0,0.0,1.0,0.0,1.0
554,0.012,0.006,R8,0.0,0.0,1.0,0.0,1.0
555,0.012,0.006,R9,0.0,0.0,1.0,0.0,1.0
556,0.012,0.006,R10,0.0,0.0,1.0,0.0,1.0
557,0.012,0.006,R11,0.0,0.0,1.0,0.0,1.0
558,0.012,0.006,R12,0.0,0.0,1.0,0.0,1.0
559,0.012,0.006,R13,0.0,0.0,1.0,0.0,1.0
560,0.012,0.006,R14,0.0,0.0,1.0,0.0,1.0
561,0.012,0.006,R15,0.0,0.0,1.0,0.0,1.0
562,0.012,0.006,R16,0.0,0.0,1.0,0.0,1.0
563,0.012,0.006,R17,0.0,0.0,1.0,0.0,1.0
564,0.012,0.006,R18,0.0,0.0,1.0,0.0,1.0
565,0.012,0.006,R19,0.0,0.0,1.0,0.0,1.0
566,0.012,0.006,R20,0.0,0.0,1.0,0.0,1.0
567,0.012,0.007,R0,19998.0,0.0001,1.0,0.0,1.0
568,0.012,0.007,R1,2.0,0.0001,1.0,0.0,1.0
569,0.012,0.007,R2,0.0,0.0001,1.0,0.0,1.0
570,0.012,0.007,R3,0.0,0.0001,1.0,0.0,1.0
571,0.012,0.007,R4,0.0,0.0001,1.0,0.0,1.0
572,0.012,0.007,R5,0.0,0.0001,1.0,0.0,1.0
573,0.012,0.007,R6,0.0,0.0001,1.0,0.0,1.0
574,0.012,0.007,R7,0.0,0.0001,1.0,0.0,1.0
575,0.012,0.007,R8,0.0,0.0001,1.0,0.0,1.0
576,0.012,0.007,R9,0.0,0.0001,1.0,0.0,1.0
577,0.012,0.007,R10,0.0,0.0001,1.0,0.0,1.0
578,0.012,0.007,R11,0.0,0.0001,1.0,0.0,1.0
579,0.012,0.007,R12,0.0,0.0001,1.0,0.0,1.0
580,0.012,0.007,R13,0.0,0.0001,1.0,0.0,1.0
581,0.012,0.007,R14,0.0,0.0001,1.0,0.0,1.0
582,0.012,0.007,R15,0.0,0.0001,1.0,0.0,1.0
583,0.012,0.007,R16,0.0,0.0001,1.0,0.0,1.0
584,0.012,0.007,R17,0.0,0.0001,1.0,0.0,1.0
585,0.012,0.007,R18,0.0,0.0001,1.0,0.0,1.0
586,0.012,0.007,R19,0.0,0.0001,1.0,0.0,1.0
587,0.012,0.007,R20,0.0,0.0001,1.0,0.0,1.0
588,0.012,0.008,R0,19999.0,5e-05,1.0,0.0,1.0
589,0.012,0.008,R1,1.0,5e-05,1.0,0.0,1.0
590,0.012,0.008,R2,0.0,5e-05,1.0,0.0,1.0
591,0.012,0.008,R3,0.0,5e-05,1.0,0.0,1.0
592,0.012,0.008,R4,0.0,5e-05,1.0,0.0,1.0
593,0.012,0.008,R5,0.0,5e-05,1.0,0.0,1.0
594,0.012,0.008,R6,0.0,5e-05,1.0,0.0,1.0
595,0.012,0.008,R7,0.0,5e-05,1.0,0.0,1.0
596,0.012,0.008,R8,0.0,5e-05,1.0,0.0,1.0
597,0.012,0.008,R9,0.0,5e-05,1.0,0.0,1.0
598,0.012,0.008,R10,0.0,5e-05,1.0,0.0,1.0
599,0.012,0.008,R11,0.0,5e-05,1.0,0.0,1.0
600,0.012,0.008,R12,0.0,5e-05,1.0,0.0,1.0
601,0.012,0.008,R13,0.0,5e-05,1.0,0.0,1.0
602,0.012,0.008,R14,0.0,5e-05,1.0,0.0,1.0
603,0.012,0.008,R15,0.0,5e-05,1.0,0.0,1.0
604,0.012,0.008,R16,0.0,5e-05,1.0,0.0,1.0
605,0.012,0.008,R17,0.0,5e-05,1.0,0.0,1.0
606,0.012,0.008,R18,0.0,5e-05,1.0,0.0,1.0
607,0.012,0.008,R19,0.0,5e-05,1.0,0.0,1.0
608,0.012,0.008,R20,0.0,5e-05,1.0,0.0,1.0
609,0.012,0.009,R0,19999.0,5e-05,1.0,0.0,1.0
610,0.012,0.009,R1,1.0,5e-05,1.0,0.0,1.0
611,0.012,0.009,R2,0.0,5e-05,1.0,0.0,1.0
612,0.012,0.009,R3,0.0,5e-05,1.0,0.0,1.0
613,0.012,0.009,R4,0.0,5e-05,1.0,0.0,1.0
614,0.012,0.009,R5,0.0,5e-05,1.0,0.0,1.0
615,0.012,0.009,R6,0.0,5e-05,1.0,0.0,1.0
616,0.012,0.009,R7,0.0,5e-05,1.0,0.0,1.0
617,0.012,0.009,R8,0.0,5e-05,1.0,0.0,1.0
618,0.012,0.009,R9,0.0,5e-05,1.0,0.0,1.0
619,0.012,0.009,R10,0.0,5e-05,1.0,0.0,1.0
620,0.012,0.009,R11,0.0,5e-05,1.0,0.0,1.0
621,0.012,0.009,R12,0.0,5e-05,1.0,0.0,1.0
622,0.012,0.009,R13,0.0,5e-05,1.0,0.0,1.0
623,0.012,0.009,R14,0.0,5e-05,1.0,0.0,1.0
624,0.012,0.009,R15,0.0,5e-05,1.0,0.0,1.0
625,0.012,0.009,R16,0.0,5e-05,1.0,0.0,1.0
626,0.012,0.009,R17,0.0,5e-05,1.0,0.0,1.0
627,0.012,0.009,R18,0.0,5e-05,1.0,0.0,1.0
628,0.012,0.009,R19,0.0,5e-05,1.0,0.0,1.0
629,0.012,0.009,R20,0.0,5e-05,1.0,0.0,1.0
630,0.018,0.0,R0,19996.0,0.0002,1.0,0.0,1.0
631,0.018,0.0,R1,4.0,0.0002,1.0,0.0,1.0
632,0.018,0.0,R2,0.0,0.0002,1.0,0.0,1.0
633,0.018,0.0,R3,0.0,0.0002,1.0,0.0,1.0
634,0.018,0.0,R4,0.0,0.0002,1.0,0.0,1.0
635,0.018,0.0,R5,0.0,0.0002,1.0,0.0,1.0
636,0.018,0.0,R6,0.0,0.0002,1.0,0.0,1.0
637,0.018,0.0,R7,0.0,0.0002,1.0,0.0,1.0
638,0.018,0.0,R8,0.0,0.0002,1.0,0.0,1.0
639,0.018,0.0,R9,0.0,0.0002,1.0,0.0,1.0
640,0.018,0.0,R10,0.0,0.0002,1.0,0.0,1.0
641,0.018,0.0,R11,0.0,0.0002,1.0,0.0,1.0
642,0.018,0.0,R12,0.0,0.0002,1.0,0.0,1.0
643,0.018,0.0,R13,0.0,0.0002,1.0,0.0,1.0
644,0.018,0.0,R14,0.0,0.0002,1.0,0.0,1.0
645,0.018,0.0,R15,0.0,0.0002,1.0,0.0,1.0
646,0.018,0.0,R16,0.0,0.0002,1.0,0.0,1.0
647,0.018,0.0,R17,0.0,0.0002,1.0,0.0,1.0
648,0.018,0.0,R18,0.0,0.0002,1.0,0.0,1.0
649,0.018,0.0,R19,0.0,0.0002,1.0,0.0,1.0
650,0.018,0.0,R20,0.0,0.0002,1.0,0.0,1.0
651,0.018,0.001,R0,19999.0,5e-05,1.0,0.0,1.0
652,0.018,0.001,R1,1.0,5e-05,1.0,0.0,1.0
653,0.018,0.001,R2,0.0,5e-05,1.0,0.0,1.0
654,0.018,0.001,R3,0.0,5e-05,1.0,0.0,1.0
655,0.018,0.001,R4,0.0,5e-05,1.0,0.0,1.0
656,0.018,0.001,R5,0.0,5e-05,1.0,0.0,1.0
657,0.018,0.001,R6,0.0,5e-05,1.0,0.0,1.0
658,0.018,0.001,R7,0.0,5e-05,1.0,0.0,1.0
659,0.018,0.001,R8,0.0,5e-05,1.0,0.0,1.0
660,0.018,0.001,R9,0.0,5e-05,1.0,0.0,1.0
661,0.018,0.001,R10,0.0,5e-05,1.0,0.0,1.0
662,0.018,0.001,R11,0.0,5e-05,1.0,0.0,1.0
663,0.018,0.001,R12,0.0,5e-05,1.0,0.0,1.0
664,0.018,0.001,R13,0.0,5e-05,1.0,0.0,1.0
665,0.018,0.001,R14,0.0,5e-05,1.0,0.0,1.0
666,0.018,0.001,R15,0.0,5e-05,1.0,0.0,1.0
667,0.018,0.001,R16,0.0,5e-05,1.0,0.0,1.0
668,0.018,0.001,R17,0.0,5e-05,1.0,0.0,1.0
669,0.018,0.001,R18,0.0,5e-05,1.0,0.0,1.0
670,0.018,0.001,R19,0.0,5e-05,1.0,0.0,1.0
671,0.018,0.001,R20,0.0,5e-05,1.0,0.0,1.0
672,0.018,0.002,R0,19999.0,5e-05,1.0,0.0,1.0
673,0.018,0.002,R1,1.0,5e-05,1.0,0.0,1.0
674,0.018,0.002,R2,0.0,5e-05,1.0,0.0,1.0
675,0.018,0.002,R3,0.0,5e-05,1.0,0.0,1.0
676,0.018,0.002,R4,0.0,5e-05,1.0,0.0,1.0
677,0.018,0.002,R5,0.0,5e-05,1.0,0.0,1.0
678,0.018,0.002,R6,0.0,5e-05,1.0,0.0,1.0
679,0.018,0.002,R7,0.0,5e-05,1.0,0.0,1.0
680,0.018,0.002,R8,0.0,5e-05,1.0,0.0,1.0
681,0.018,0.002,R9,0.0,5e-05,1.0,0.0,1.0
682,0.018,0.002,R10,0.0,5e-05,1.0,0.0,1.0
683,0.018,0.002,R11,0.0,5e-05,1.0,0.0,1.0
684,0.018,0.002,R12,0.0,5e-05,1.0,0.0,1.0
685,0.018,0.002,R13,0.0,5e-05,1.0,0.0,1.0
686,0.018,0.002,R14,0.0,5e-05,1.0,0.0,1.0
687,0.018,0.002,R15,0.0,5e-05,1.0,0.0,1.0
688,0.018,0.002,R16,0.0,5e-05,1.0,0.0,1.0
689,0.018,0.002,R17,0.0,5e-05,1.0,0.0,1.0
690,0.018,0.002,R18,0.0,5e-05,1.0,0.0,1.0
691,0.018,0.002,R19,0.0,5e-05,1.0,0.0,1.0
692,0.018,0.002,R20,0.0,5e-05,1.0,0.0,1.0
693,0.018,0.003,R0,19957.0,0.000150300601202,1.0,0.0,1.0
694,0.018,0.003,R1,3.0,0.000150300601202,1.0,0.0,1.0
695,0.018,0.003,R2,0.0,0.000150300601202,1.0,0.0,1.0
696,0.018,0.003,R3,0.0,0.000150300601202,1.0,0.0,1.0
697,0.018,0.003,R4,0.0,0.000150300601202,1.0,0.0,1.0
698,0.018,0.003,R5,0.0,0.000150300601202,1.0,0.0,1.0
699,0.018,0.003,R6,0.0,0.000150300601202,1.0,0.0,1.0
700,0.018,0.003,R7,0.0,0.000150300601202,1.0,0.0,1.0
701,0.018,0.003,R8,0.0,0.000150300601202,1.0,0.0,1.0
702,0.018,0.003,R9,0.0,0.000150300601202,1.0,0.0,1.0
703,0.018,0.003,R10,0.0,0.000150300601202,1.0,0.0,1.0
704,0.018,0.003,R11,0.0,0.000150300601202,1.0,0.0,1.0
705,0.018,0.003,R12,0.0,0.000150300601202,1.0,0.0,1.0
706,0.018,0.003,R13,0.0,0.000150300601202,1.0,0.0,1.0
707,0.018,0.003,R14,0.0,0.000150300601202,1.0,0.0,1.0
708,0.018,0.003,R15,0.0,0.000150300601202,1.0,0.0,1.0
709,0.018,0.003,R16,0.0,0.000150300601202,1.0,0.0,1.0
710,0.018,0.003,R17,0.0,0.000150300601202,1.0,0.0,1.0
711,0.018,0.003,R18,0.0,0.000150300601202,1.0,0.0,1.0
712,0.018,0.003,R19,0.0,0.000150300601202,1.0,0.0,1.0
713,0.018,0.003,R20,0.0,0.000150300601202,1.0,0.0,1.0
714,0.018,0.004,R0,19997.0,0.00015,1.0,0.0,1.0
715,0.018,0.004,R1,3.0,0.00015,1.0,0.0,1.0
716,0.018,0.004,R2,0.0,0.00015,1.0,0.0,1.0
717,0.018,0.004,R3,0.0,0.00015,1.0,0.0,1.0
718,0.018,0.004,R4,0.0,0.00015,1.0,0.0,1.0
719,0.018,0.004,R5,0.0,0.00015,1.0,0.0,1.0
720,0.018,0.004,R6,0.0,0.00015,1.0,0.0,1.0
721,0.018,0.004,R7,0.0,0.00015,1.0,0.0,1.0
722,0.018,0.004,R8,0.0,0.00015,1.0,0.0,1.0
723,0.018,0.004,R9,0.0,0.00015,1.0,0.0,1.0
724,0.018,0.004,R10,0.0,0.00015,1.0,0.0,1.0
725,0.018,0.004,R11,0.0,0.00015,1.0,0.0,1.0
726,0.018,0.004,R12,0.0,0.00015,1.0,0.0,1.0
727,0.018,0.004,R13,0.0,0.00015,1.0,0.0,1.0
728,0.018,0.004,R14,0.0,0.00015,1.0,0.0,1.0
729,0.018,0.004,R15,0.0,0.00015,1.0,0.0,1.0
730,0.018,0.004,R16,0.0,0.00015,1.0,0.0,1.0
731,0.018,0.004,R17,0.0,0.00015,1.0,0.0,1.0
732,0.018,0.004,R18,0.0,0.00015,1.0,0.0,1.0
733,0.018,0.004,R19,0.0,0.00015,1.0,0.0,1.0
734,0.018,0.004,R20,0.0,0.00015,1.0,0.0,1.0
735,0.018,0.005,R0,19999.0,5e-05,1.0,0.0,1.0
736,0.018,0.005,R1,1.0,5e-05,1.0,0.0,1.0
737,0.018,0.005,R2,0.0,5e-05,1.0,0.0,1.0
738,0.018,0.005,R3,0.0,5e-05,1.0,0.0,1.0
739,0.018,0.005,R4,0.0,5e-05,1.0,0.0,1.0
740,0.018,0.005,R5,0.0,5e-05,1.0,0.0,1.0
741,0.018,0.005,R6,0.0,5e-05,1.0,0.0,1.0
742,0.018,0.005,R7,0.0,5e-05,1.0,0.0,1.0
743,0.018,0.005,R8,0.0,5e-05,1.0,0.0,1.0
744,0.018,0.005,R9,0.0,5e-05,1.0,0.0,1.0
745,0.018,0.005,R10,0.0,5e-05,1.0,0.0,1.0
746,0.018,0.005,R11,0.0,5e-05,1.0,0.0,1.0
747,0.018,0.005,R12,0.0,5e-05,1.0,0.0,1.0
748,0.018,0.005,R13,0.0,5e-05,1.0,0.0,1.0
749,0.018,0.005,R14,0.0,5e-05,1.0,0.0,1.0
750,0.018,0.005,R15,0.0,5e-05,1.0,0.0,1.0
751,0.018,0.005,R16,0.0,5e-05,1.0,0.0,1.0
752,0.018,0.005,R17,0.0,5e-05,1.0,0.0,1.0
753,0.018,0.005,R18,0.0,5e-05,1.0,0.0,1.0
754,0.018,0.005,R19,0.0,5e-05,1.0,0.0,1.0
755,0.018,0.005,R20,0.0,5e-05,1.0,0.0,1.0
756,0.018,0.006,R0,19998.0,0.0001,1.0,0.0,1.0
757,0.018,0.006,R1,2.0,0.0001,1.0,0.0,1.0
758,0.018,0.006,R2,0.0,0.0001,1.0,0.0,1.0
759,0.018,0.006,R3,0.0,0.0001,1.0,0.0,1.0
760,0.018,0.006,R4,0.0,0.0001,1.0,0.0,1.0
761,0.018,0.006,R5,0.0,0.0001,1.0,0.0,1.0
762,0.018,0.006,R6,0.0,0.0001,1.0,0.0,1.0
763,0.018,0.006,R7,0.0,0.0001,1.0,0.0,1.0
764,0.018,0.006,R8,0.0,0.0001,1.0,0.0,1.0
765,0.018,0.006,R9,0.0,0.0001,1.0,0.0,1.0
766,0.018,0.006,R10,0.0,0.0001,1.0,0.0,1.0
767,0.018,0.006,R11,0.0,0.0001,1.0,0.0,1.0
768,0.018,0.006,R12,0.0,0.0001,1.0,0.0,1.0
769,0.018,0.006,R13,0.0,0.0001,1.0,0.0,1.0
770,0.018,0.006,R14,0.0,0.0001,1.0,0.0,1.0
771,0.018,0.006,R15,0.0,0.0001,1.0,0.0,1.0
772,0.018,0.006,R16,0.0,0.0001,1.0,0.0,1.0
773,0.018,0.006,R17,0.0,0.0001,1.0,0.0,1.0
774,0.018,0.006,R18,0.0,0.0001,1.0,0.0,1.0
775,0.018,0.006,R19,0.0,0.0001,1.0,0.0,1.0
776,0.018,0.006,R20,0.0,0.0001,1.0,0.0,1.0
777,0.018,0.007,R0,19997.0,0.00015,1.0,0.0,1.0
778,0.018,0.007,R1,3.0,0.00015,1.0,0.0,1.0
779,0.018,0.007,R2,0.0,0.00015,1.0,0.0,1.0
780,0.018,0.007,R3,0.0,0.00015,1.0,0.0,1.0
781,0.018,0.007,R4,0.0,0.00015,1.0,0.0,1.0
782,0.018,0.007,R5,0.0,0.00015,1.0,0.0,1.0
783,0.018,0.007,R6,0.0,0.00015,1.0,0.0,1.0
784,0.018,0.007,R7,0.0,0.00015,1.0,0.0,1.0
785,0.018,0.007,R8,0.0,0.00015,1.0,0.0,1.0
786,0.018,0.007,R9,0.0,0.00015,1.0,0.0,1.0
787,0.018,0.007,R10,0.0,0.00015,1.0,0.0,1.0
788,0.018,0.007,R11,0.0,0.00015,1.0,0.0,1.0
789,0.018,0.007,R12,0.0,0.00015,1.0,0.0,1.0
790,0.018,0.007,R13,0.0,0.00015,1.0,0.0,1.0
791,0.018,0.007,R14,0.0,0.00015,1.0,0.0,1.0
792,0.018,0.007,R15,0.0,0.00015,1.0,0.0,1.0
793,0.018,0.007,R16,0.0,0.00015,1.0,0.0,1.0
794,0.018,0.007,R17,0.0,0.00015,1.0,0.0,1.0
795,0.018,0.007,R18,0.0,0.00015,1.0,0.0,1.0
796,0.018,0.007,R19,0.0,0.00015,1.0,0.0,1.0
797,0.018,0.007,R20,0.0,0.00015,1.0,0.0,1.0
798,0.018,0.008,R0,19999.0,5e-05,1.0,0.0,1.0
799,0.018,0.008,R1,1.0,5e-05,1.0,0.0,1.0
800,0.018,0.008,R2,0.0,5e-05,1.0,0.0,1.0
801,0.018,0.008,R3,0.0,5e-05,1.0,0.0,1.0
802,0.018,0.008,R4,0.0,5e-05,1.0,0.0,1.0
803,0.018,0.008,R5,0.0,5e-05,1.0,0.0,1.0
804,0.018,0.008,R6,0.0,5e-05,1.0,0.0,1.0
805,0.018,0.008,R7,0.0,5e-05,1.0,0.0,1.0
806,0.018,0.008,R8,0.0,5e-05,1.0,0.0,1.0
807,0.018,0.008,R9,0.0,5e-05,1.0,0.0,1.0
808,0.018,0.008,R10,0.0,5e-05,1.0,0.0,1.0
809,0.018,0.008,R11,0.0,5e-05,1.0,0.0,1.0
810,0.018,0.008,R12,0.0,5e-05,1.0,0.0,1.0
811,0.018,0.008,R13,0.0,5e-05,1.0,0.0,1.0
812,0.018,0.008,R14,0.0,5e-05,1.0,0.0,1.0
813,0.018,0.008,R15,0.0,5e-05,1.0,0.0,1.0
814,0.018,0.008,R16,0.0,5e-05,1.0,0.0,1.0
815,0.018,0.008,R17,0.0,5e-05,1.0,0.0,1.0
816,0.018,0.008,R18,0.0,5e-05,1.0,0.0,1.0
817,0.018,0.008,R19,0.0,5e-05,1.0,0.0,1.0
818,0.018,0.008,R20,0.0,5e-05,1.0,0.0,1.0
819,0.018,0.009,R0,19999.0,5e-05,1.0,0.0,1.0
820,0.018,0.009,R1,1.0,5e-05,1.0,0.0,1.0
821,0.018,0.009,R2,0.0,5e-05,1.0,0.0,1.0
822,0.018,0.009,R3,0.0,5e-05,1.0,0.0,1.0
823,0.018,0.009,R4,0.0,5e-05,1.0,0.0,1.0
824,0.018,0.009,R5,0.0,5e-05,1.0,0.0,1.0
825,0.018,0.009,R6,0.0,5e-05,1.0,0.0,1.0
826,0.018,0.009,R7,0.0,5e-05,1.0,0.0,1.0
827,0.018,0.009,R8,0.0,5e-05,1.0,0.0,1.0
828,0.018,0.009,R9,0.0,5e-05,1.0,0.0,1.0
829,0.018,0.009,R10,0.0,5e-05,1.0,0.0,1.0
830,0.018,0.009,R11,0.0,5e-05,1.0,0.0,1.0
831,0.018,0.009,R12,0.0,5e-05,1.0,0.0,1.0
832,0.018,0.009,R13,0.0,5e-05,1.0,0.0,1.0
833,0.018,0.009,R14,0.0,5e-05,1.0,0.0,1.0
834,0.018,0.009,R15,0.0,5e-05,1.0,0.0,1.0
835,0.018,0.009,R16,0.0,5e-05,1.0,0.0,1.0
836,0.018,0.009,R17,0.0,5e-05,1.0,0.0,1.0
837,0.018,0.009,R18,0.0,5e-05,1.0,0.0,1.0
838,0.018,0.009,R19,0.0,5e-05,1.0,0.0,1.0
839,0.018,0.009,R20,0.0,5e-05,1.0,0.0,1.0
840,0.024,0.0,R0,19979.0,5.00500500501e-05,1.0,0.0,1.0
841,0.024,0.0,R1,1.0,5.00500500501e-05,1.0,0.0,1.0
842,0.024,0.0,R2,0.0,5.00500500501e-05,1.0,0.0,1.0
843,0.024,0.0,R3,0.0,5.00500500501e-05,1.0,0.0,1.0
844,0.024,0.0,R4,0.0,5.00500500501e-05,1.0,0.0,1.0
845,0.024,0.0,R5,0.0,5.00500500501e-05,1.0,0.0,1.0
846,0.024,0.0,R6,0.0,5.00500500501e-05,1.0,0.0,1.0
847,0.024,0.0,R7,0.0,5.00500500501e-05,1.0,0.0,1.0
848,0.024,0.0,R8,0.0,5.00500500501e-05,1.0,0.0,1.0
849,0.024,0.0,R9,0.0,5.00500500501e-05,1.0,0.0,1.0
850,0.024,0.0,R10,0.0,5.00500500501e-05,1.0,0.0,1.0
851,0.024,0.0,R11,0.0,5.00500500501e-05,1.0,0.0,1.0
852,0.024,0.0,R12,0.0,5.00500500501e-05,1.0,0.0,1.0
853,0.024,0.0,R13,0.0,5.00500500501e-05,1.0,0.0,1.0
854,0.024,0.0,R14,0.0,5.00500500501e-05,1.0,0.0,1.0
855,0.024,0.0,R15,0.0,5.00500500501e-05,1.0,0.0,1.0
856,0.024,0.0,R16,0.0,5.00500500501e-05,1.0,0.0,1.0
857,0.024,0.0,R17,0.0,5.00500500501e-05,1.0,0.0,1.0
858,0.024,0.0,R18,0.0,5.00500500501e-05,1.0,0.0,1.0
859,0.024,0.0,R19,0.0,5.00500500501e-05,1.0,0.0,1.0
860,0.024,0.0,R20,0.0,5.00500500501e-05,1.0,0.0,1.0
861,0.024,0.001,R0,19977.0,0.00015015015015,1.0,0.0,1.0
862,0.024,0.001,R1,3.0,0.00015015015015,1.0,0.0,1.0
863,0.024,0.001,R2,0.0,0.00015015015015,1.0,0.0,1.0
864,0.024,0.001,R3,0.0,0.00015015015015,1.0,0.0,1.0
865,0.024,0.001,R4,0.0,0.00015015015015,1.0,0.0,1.0
866,0.024,0.001,R5,0.0,0.00015015015015,1.0,0.0,1.0
867,0.024,0.001,R6,0.0,0.00015015015015,1.0,0.0,1.0
868,0.024,0.001,R7,0.0,0.00015015015015,1.0,0.0,1.0
869,0.024,0.001,R8,0.0,0.00015015015015,1.0,0.0,1.0
870,0.024,0.001,R9,0.0,0.00015015015015,1.0,0.0,1.0
871,0.024,0.001,R10,0.0,0.00015015015015,1.0,0.0,1.0
872,0.024,0.001,R11,0.0,0.00015015015015,1.0,0.0,1.0
873,0.024,0.001,R12,0.0,0.00015015015015,1.0,0.0,1.0
874,0.024,0.001,R13,0.0,0.00015015015015,1.0,0.0,1.0
875,0.024,0.001,R14,0.0,0.00015015015015,1.0,0.0,1.0
876,0.024,0.001,R15,0.0,0.00015015015015,1.0,0.0,1.0
877,0.024,0.001,R16,0.0,0.00015015015015,1.0,0.0,1.0
878,0.024,0.001,R17,0.0,0.00015015015015,1.0,0.0,1.0
879,0.024,0.001,R18,0.0,0.00015015015015,1.0,0.0,1.0
880,0.024,0.001,R19,0.0,0.00015015015015,1.0,0.0,1.0
881,0.024,0.001,R20,0.0,0.00015015015015,1.0,0.0,1.0
882,0.024,0.002,R0,19998.0,0.0001,1.0,0.0,1.0
883,0.024,0.002,R1,2.0,0.0001,1.0,0.0,1.0
884,0.024,0.002,R2,0.0,0.0001,1.0,0.0,1.0
885,0.024,0.002,R3,0.0,0.0001,1.0,0.0,1.0
886,0.024,0.002,R4,0.0,0.0001,1.0,0.0,1.0
887,0.024,0.002,R5,0.0,0.0001,1.0,0.0,1.0
888,0.024,0.002,R6,0.0,0.0001,1.0,0.0,1.0
889,0.024,0.002,R7,0.0,0.0001,1.0,0.0,1.0
890,0.024,0.002,R8,0.0,0.0001,1.0,0.0,1.0
891,0.024,0.002,R9,0.0,0.0001,1.0,0.0,1.0
892,0.024,0.002,R10,0.0,0.0001,1.0,0.0,1.0
893,0.024,0.002,R11,0.0,0.0001,1.0,0.0,1.0
894,0.024,0.002,R12,0.0,0.0001,1.0,0.0,1.0
895,0.024,0.002,R13,0.0,0.0001,1.0,0.0,1.0
896,0.024,0.002,R14,0.0,0.0001,1.0,0.0,1.0
897,0.024,0.002,R15,0.0,0.0001,1.0,0.0,1.0
898,0.024,0.002,R16,0.0,0.0001,1.0,0.0,1.0
899,0.024,0.002,R17,0.0,0.0001,1.0,0.0,1.0
900,0.024,0.002,R18,0.0,0.0001,1.0,0.0,1.0
901,0.024,0.002,R19,0.0,0.0001,1.0,0.0,1.0
902,0.024,0.002,R20,0.0,0.0001,1.0,0.0,1.0
903,0.024,0.003,R0,19960.0,0.0,1.0,0.0,1.0
904,0.024,0.003,R1,0.0,0.0,1.0,0.0,1.0
905,0.024,0.003,R2,0.0,0.0,1.0,0.0,1.0
906,0.024,0.003,R3,0.0,0.0,1.0,0.0,1.0
907,0.024,0.003,R4,0.0,0.0,1.0,0.0,1.0
908,0.024,0.003,R5,0.0,0.0,1.0,0.0,1.0
909,0.024,0.003,R6,0.0,0.0,1.0,0.0,1.0
910,0.024,0.003,R7,0.0,0.0,1.0,0.0,1.0
911,0.024,0.003,R8,0.0,0.0,1.0,0.0,1.0
912,0.024,0.003,R9,0.0,0.0,1.0,0.0,1.0
913,0.024,0.003,R10,0.0,0.0,1.0,0.0,1.0
914,0.024,0.003,R11,0.0,0.0,1.0,0.0,1.0
915,0.024,0.003,R12,0.0,0.0,1.0,0.0,1.0
916,0.024,0.003,R13,0.0,0.0,1.0,0.0,1.0
917,0.024,0.003,R14,0.0,0.0,1.0,0.0,1.0
918,0.024,0.003,R15,0.0,0.0,1.0,0.0,1.0
919,0.024,0.003,R16,0.0,0.0,1.0,0.0,1.0
920,0.024,0.003,R17,0.0,0.0,1.0,0.0,1.0
921,0.024,0.003,R18,0.0,0.0,1.0,0.0,1.0
922,0.024,0.003,R19,0.0,0.0,1.0,0.0,1.0
923,0.024,0.003,R20,0.0,0.0,1.0,0.0,1.0
924,0.024,0.004,R0,19957.0,0.000150300601202,1.0,0.0,1.0
925,0.024,0.004,R1,3.0,0.000150300601202,1.0,0.0,1.0
926,0.024,0.004,R2,0.0,0.000150300601202,1.0,0.0,1.0
927,0.024,0.004,R3,0.0,0.000150300601202,1.0,0.0,1.0
928,0.024,0.004,R4,0.0,0.000150300601202,1.0,0.0,1.0
929,0.024,0.004,R5,0.0,0.000150300601202,1.0,0.0,1.0
930,0.024,0.004,R6,0.0,0.000150300601202,1.0,0.0,1.0
931,0.024,0.004,R7,0.0,0.000150300601202,1.0,0.0,1.0
932,0.024,0.004,R8,0.0,0.000150300601202,1.0,0.0,1.0
933,0.024,0.004,R9,0.0,0.000150300601202,1.0,0.0,1.0
934,0.024,0.004,R10,0.0,0.000150300601202,1.0,0.0,1.0
935,0.024,0.004,R11,0.0,0.000150300601202,1.0,0.0,1.0
936,0.024,0.004,R12,0.0,0.000150300601202,1.0,0.0,1.0
937,0.024,0.004,R13,0.0,0.000150300601202,1.0,0.0,1.0
938,0.024,0.004,R14,0.0,0.000150300601202,1.0,0.0,1.0
939,0.024,0.004,R15,0.0,0.000150300601202,1.0,0.0,1.0
940,0.024,0.004,R16,0.0,0.000150300601202,1.0,0.0,1.0
941,0.024,0.004,R17,0.0,0.000150300601202,1.0,0.0,1.0
942,0.024,0.004,R18,0.0,0.000150300601202,1.0,0.0,1.0
943,0.024,0.004,R19,0.0,0.000150300601202,1.0,0.0,1.0
944,0.024,0.004,R20,0.0,0.000150300601202,1.0,0.0,1.0
945,0.024,0.005,R0,19996.0,0.0002,1.0,0.0,1.0
946,0.024,0.005,R1,4.0,0.0002,1.0,0.0,1.0
947,0.024,0.005,R2,0.0,0.0002,1.0,0.0,1.0
948,0.024,0.005,R3,0.0,0.0002,1.0,0.0,1.0
949,0.024,0.005,R4,0.0,0.0002,1.0,0.0,1.0
950,0.024,0.005,R5,0.0,0.0002,1.0,0.0,1.0
951,0.024,0.005,R6,0.0,0.0002,1.0,0.0,1.0
952,0.024,0.005,R7,0.0,0.0002,1.0,0.0,1.0
953,0.024,0.005,R8,0.0,0.0002,1.0,0.0,1.0
954,0.024,0.005,R9,0.0,0.0002,1.0,0.0,1.0
955,0.024,0.005,R10,0.0,0.0002,1.0,0.0,1.0
956,0.024,0.005,R11,0.0,0.0002,1.0,0.0,1.0
957,0.024,0.005,R12,0.0,0.0002,1.0,0.0,1.0
958,0.024,0.005,R13,0.0,0.0002,1.0,0.0,1.0
959,0.024,0.005,R14,0.0,0.0002,1.0,0.0,1.0
960,0.024,0.005,R15,0.0,0.0002,1.0,0.0,1.0
961,0.024,0.005,R16,0.0,0.0002,1.0,0.0,1.0
962,0.024,0.005,R17,0.0,0.0002,1.0,0.0,1.0
963,0.024,0.005,R18,0.0,0.0002,1.0,0.0,1.0
964,0.024,0.005,R19,0.0,0.0002,1.0,0.0,1.0
965,0.024,0.005,R20,0.0,0.0002,1.0,0.0,1.0
966,0.024,0.006,R0,19999.0,5e-05,1.0,0.0,1.0
967,0.024,0.006,R1,1.0,5e-05,1.0,0.0,1.0
968,0.024,0.006,R2,0.0,5e-05,1.0,0.0,1.0
969,0.024,0.006,R3,0.0,5e-05,1.0,0.0,1.0
970,0.024,0.006,R4,0.0,5e-05,1.0,0.0,1.0
971,0.024,0.006,R5,0.0,5e-05,1.0,0.0,1.0
972,0.024,0.006,R6,0.0,5e-05,1.0,0.0,1.0
973,0.024,0.006,R7,0.0,5e-05,1.0,0.0,1.0
974,0.024,0.006,R8,0.0,5e-05,1.0,0.0,1.0
975,0.024,0.006,R9,0.0,5e-05,1.0,0.0,1.0
976,0.024,0.006,R10,0.0,5e-05,1.0,0.0,1.0
977,0.024,0.006,R11,0.0,5e-05,1.0,0.0,1.0
978,0.024,0.006,R12,0.0,5e-05,1.0,0.0,1.0
979,0.024,0.006,R13,0.0,5e-05,1.0,0.0,1.0
980,0.024,0.006,R14,0.0,5e-05,1.0,0.0,1.0
981,0.024,0.006,R15,0.0,5e-05,1.0,0.0,1.0
982,0.024,0.006,R16,0.0,5e-05,1.0,0.0,1.0
983,0.024,0.006,R17,0.0,5e-05,1.0,0.0,1.0
984,0.024,0.006,R18,0.0,5e-05,1.0,0.0,1.0
985,0.024,0.006,R19,0.0,5e-05,1.0,0.0,1.0
986,0.024,0.006,R20,0.0,5e-05,1.0,0.0,1.0
987,0.024,0.007,R0,19980.0,0.0,1.0,0.0,1.0
988,0.024,0.007,R1,0.0,0.0,1.0,0.0,1.0
989,0.024,0.007,R2,0.0,0.0,1.0,0.0,1.0
990,0.024,0.007,R3,0.0,0.0,1.0,0.0,1.0
991,0.024,0.007,R4,0.0,0.0,1.0,0.0,1.0
992,0.024,0.007,R5,0.0,0.0,1.0,0.0,1.0
993,0.024,0.007,R6,0.0,0.0,1.0,0.0,1.0
994,0.024,0.007,R7,0.0,0.0,1.0,0.0,1.0
995,0.024,0.007,R8,0.0,0.0,1.0,0.0,1.0
996,0.024,0.007,R9,0.0,0.0,1.0,0.0,1.0
997,0.024,0.007,R10,0.0,0.0,1.0,0.0,1.0
998,0.024,0.007,R11,0.0,0.0,1.0,0.0,1.0
999,0.024,0.007,R12,0.0,0.0,1.0,0.0,1.0
1000,0.024,0.007,R13,0.0,0.0,1.0,0.0,1.0
1001,0.024,0.007,R14,0.0,0.0,1.0,0.0,1.0
1002,0.024,0.007,R15,0.0,0.0,1.0,0.0,1.0
1003,0.024,0.007,R16,0.0,0.0,1.0,0.0,1.0
1004,0.024,0.007,R17,0.0,0.0,1.0,0.0,1.0
1005,0.024,0.007,R18,0.0,0.0,1.0,0.0,1.0
1006,0.024,0.007,R19,0.0,0.0,1.0,0.0,1.0
1007,0.024,0.007,R20,0.0,0.0,1.0,0.0,1.0
1008,0.024,0.008,R0,19957.0,0.000150300601202,1.0,0.0,1.0
1009,0.024,0.008,R1,3.0,0.000150300601202,1.0,0.0,1.0
1010,0.024,0.008,R2,0.0,0.000150300601202,1.0,0.0,1.0
1011,0.024,0.008,R3,0.0,0.000150300601202,1.0,0.0,1.0
1012,0.024,0.008,R4,0.0,0.000150300601202,1.0,0.0,1.0
1013,0.024,0.008,R5,0.0,0.000150300601202,1.0,0.0,1.0
1014,0.024,0.008,R6,0.0,0.000150300601202,1.0,0.0,1.0
1015,0.024,0.008,R7,0.0,0.000150300601202,1.0,0.0,1.0
1016,0.024,0.008,R8,0.0,0.000150300601202,1.0,0.0,1.0
1017,0.024,0.008,R9,0.0,0.000150300601202,1.0,0.0,1.0
1018,0.024,0.008,R10,0.0,0.000150300601202,1.0,0.0,1.0
1019,0.024,0.008,R11,0.0,0.000150300601202,1.0,0.0,1.0
1020,0.024,0.008,R12,0.0,0.000150300601202,1.0,0.0,1.0
1021,0.024,0.008,R13,0.0,0.000150300601202,1.0,0.0,1.0
1022,0.024,0.008,R14,0.0,0.000150300601202,1.0,0.0,1.0
1023,0.024,0.008,R15,0.0,0.000150300601202,1.0,0.0,1.0
1024,0.024,0.008,R16,0.0,0.000150300601202,1.0,0.0,1.0
1025,0.024,0.008,R17,0.0,0.000150300601202,1.0,0.0,1.0
1026,0.024,0.008,R18,0.0,0.000150300601202,1.0,0.0,1.0
1027,0.024,0.008,R19,0.0,0.000150300601202,1.0,0.0,1.0
1028,0.024,0.008,R20,0.0,0.000150300601202,1.0,0.0,1.0
1029,0.024,0.009,R0,19999.0,5e-05,1.0,0.0,1.0
1030,0.024,0.009,R1,1.0,5e-05,1.0,0.0,1.0
1031,0.024,0.009,R2,0.0,5e-05,1.0,0.0,1.0
1032,0.024,0.009,R3,0.0,5e-05,1.0,0.0,1.0
1033,0.024,0.009,R4,0.0,5e-05,1.0,0.0,1.0
1034,0.024,0.009,R5,0.0,5e-05,1.0,0.0,1.0
1035,0.024,0.009,R6,0.0,5e-05,1.0,0.0,1.0
1036,0.024,0.009,R7,0.0,5e-05,1.0,0.0,1.0
1037,0.024,0.009,R8,0.0,5e-05,1.0,0.0,1.0
1038,0.024,0.009,R9,0.0,5e-05,1.0,0.0,1.0
1039,0.024,0.009,R10,0.0,5e-05,1.0,0.0,1.0
1040,0.024,0.009,R11,0.0,5e-05,1.0,0.0,1.0
1041,0.024,0.009,R12,0.0,5e-05,1.0,0.0,1.0
1042,0.024,0.009,R13,0.0,5e-05,1.0,0.0,1.0
1043,0.024,0.009,R14,0.0,5e-05,1.0,0.0,1.0
1044,0.024,0.009,R15,0.0,5e-05,1.0,0.0,1.0
1045,0.024,0.009,R16,0.0,5e-05,1.0,0.0,1.0
1046,0.024,0.009,R17,0.0,5e-05,1.0,0.0,1.0
1047,0.024,0.009,R18,0.0,5e-05,1.0,0.0,1.0
1048,0.024,0.009,R19,0.0,5e-05,1.0,0.0,1.0
1049,0.024,0.009,R20,0.0,5e-05,1.0,0.0,1.0
1050,0.03,0.0,R0,19998.0,0.0001,1.0,0.0,1.0
1051,0.03,0.0,R1,2.0,0.0001,1.0,0.0,1.0
1052,0.03,0.0,R2,0.0,0.0001,1.0,0.0,1.0
1053,0.03,0.0,R3,0.0,0.0001,1.0,0.0,1.0
1054,0.03,0.0,R4,0.0,0.0001,1.0,0.0,1.0
1055,0.03,0.0,R5,0.0,0.0001,1.0,0.0,1.0
1056,0.03,0.0,R6,0.0,0.0001,1.0,0.0,1.0
1057,0.03,0.0,R7,0.0,0.0001,1.0,0.0,1.0
1058,0.03,0.0,R8,0.0,0.0001,1.0,0.0,1.0
1059,0.03,0.0,R9,0.0,0.0001,1.0,0.0,1.0
1060,0.03,0.0,R10,0.0,0.0001,1.0,0.0,1.0
1061,0.03,0.0,R11,0.0,0.0001,1.0,0.0,1.0
1062,0.03,0.0,R12,0.0,0.0001,1.0,0.0,1.0
1063,0.03,0.0,R13,0.0,0.0001,1.0,0.0,1.0
1064,0.03,0.0,R14,0.0,0.0001,1.0,0.0,1.0
1065,0.03,0.0,R15,0.0,0.0001,1.0,0.0,1.0
1066,0.03,0.0,R16,0.0,0.0001,1.0,0.0,1.0
1067,0.03,0.0,R17,0.0,0.0001,1.0,0.0,1.0
1068,0.03,0.0,R18,0.0,0.0001,1.0,0.0,1.0
1069,0.03,0.0,R19,0.0,0.0001,1.0,0.0,1.0
1070,0.03,0.0,R20,0.0,0.0001,1.0,0.0,1.0
1071,0.03,0.001,R0,19997.0,0.00015,1.0,0.0,1.0
1072,0.03,0.001,R1,3.0,0.00015,1.0,0.0,1.0
1073,0.03,0.001,R2,0.0,0.00015,1.0,0.0,1.0
1074,0.03,0.001,R3,0.0,0.00015,1.0,0.0,1.0
1075,0.03,0.001,R4,0.0,0.00015,1.0,0.0,1.0
1076,0.03,0.001,R5,0.0,0.00015,1.0,0.0,1.0
1077,0.03,0.001,R6,0.0,0.00015,1.0,0.0,1.0
1078,0.03,0.001,R7,0.0,0.00015,1.0,0.0,1.0
1079,0.03,0.001,R8,0.0,0.00015,1.0,0.0,1.0
1080,0.03,0.001,R9,0.0,0.00015,1.0,0.0,1.0
1081,0.03,0.001,R10,0.0,0.00015,1.0,0.0,1.0
1082,0.03,0.001,R11,0.0,0.00015,1.0,0.0,1.0
1083,0.03,0.001,R12,0.0,0.00015,1.0,0.0,1.0
1084,0.03,0.001,R13,0.0,0.00015,1.0,0.0,1.0
1085,0.03,0.001,R14,0.0,0.00015,1.0,0.0,1.0
1086,0.03,0.001,R15,0.0,0.00015,1.0,0.0,1.0
1087,0.03,0.001,R16,0.0,0.00015,1.0,0.0,1.0
1088,0.03,0.001,R17,0.0,0.00015,1.0,0.0,1.0
1089,0.03,0.001,R18,0.0,0.00015,1.0,0.0,1.0
1090,0.03,0.001,R19,0.0,0.00015,1.0,0.0,1.0
1091,0.03,0.001,R20,0.0,0.00015,1.0,0.0,1.0
1092,0.03,0.002,R0,19995.0,0.00025,1.0,0.0,1.0
1093,0.03,0.002,R1,4.0,0.00025,1.0,0.0,1.0
1094,0.03,0.002,R2,0.0,0.00025,1.0,0.0,1.0
1095,0.03,0.002,R3,0.0,0.00025,1.0,0.0,1.0
1096,0.03,0.002,R4,0.0,0.00025,1.0,0.0,1.0
1097,0.03,0.002,R5,0.0,0.00025,1.0,0.0,1.0
1098,0.03,0.002,R6,0.0,0.00025,1.0,0.0,1.0
1099,0.03,0.002,R7,0.0,0.00025,1.0,0.0,1.0
1100,0.03,0.002,R8,0.0,0.00025,1.0,0.0,1.0
1101,0.03,0.002,R9,0.0,0.00025,1.0,0.0,1.0
1102,0.03,0.002,R10,0.0,0.00025,1.0,0.0,1.0
1103,0.03,0.002,R11,0.0,0.00025,1.0,0.0,1.0
1104,0.03,0.002,R12,0.0,0.00025,1.0,0.0,1.0
1105,0.03,0.002,R13,0.0,0.00025,1.0,0.0,1.0
1106,0.03,0.002,R14,0.0,0.00025,1.0,0.0,1.0
1107,0.03,0.002,R15,0.0,0.00025,1.0,0.0,1.0
1108,0.03,0.002,R16,0.0,0.00025,1.0,0.0,1.0
1109,0.03,0.002,R17,0.0,0.00025,1.0,0.0,1.0
1110,0.03,0.002,R18,0.0,0.00025,1.0,0.0,1.0
1111,0.03,0.002,R19,0.0,0.00025,1.0,0.0,1.0
1112,0.03,0.002,R20,0.0,0.00025,1.0,0.0,1.0
1113,0.03,0.003,R0,19939.0,5.01504513541e-05,1.0,0.0,1.0
1114,0.03,0.003,R1,1.0,5.01504513541e-05,1.0,0.0,1.0
1115,0.03,0.003,R2,0.0,5.01504513541e-05,1.0,0.0,1.0
1116,0.03,0.003,R3,0.0,5.01504513541e-05,1.0,0.0,1.0
1117,0.03,0.003,R4,0.0,5.01504513541e-05,1.0,0.0,1.0
1118,0.03,0.003,R5,0.0,5.01504513541e-05,1.0,0.0,1.0
1119,0.03,0.003,R6,0.0,5.01504513541e-05,1.0,0.0,1.0
1120,0.03,0.003,R7,0.0,5.01504513541e-05,1.0,0.0,1.0
1121,0.03,0.003,R8,0.0,5.01504513541e-05,1.0,0.0,1.0
1122,0.03,0.003,R9,0.0,5.01504513541e-05,1.0,0.0,1.0
1123,0.03,0.003,R10,0.0,5.01504513541e-05,1.0,0.0,1.0
1124,0.03,0.003,R11,0.0,5.01504513541e-05,1.0,0.0,1.0
1125,0.03,0.003,R12,0.0,5.01504513541e-05,1.0,0.0,1.0
1126,0.03,0.003,R13,0.0,5.01504513541e-05,1.0,0.0,1.0
1127,0.03,0.003,R14,0.0,5.01504513541e-05,1.0,0.0,1.0
1128,0.03,0.003,R15,0.0,5.01504513541e-05,1.0,0.0,1.0
1129,0.03,0.003,R16,0.0,5.01504513541e-05,1.0,0.0,1.0
1130,0.03,0.003,R17,0.0,5.01504513541e-05,1.0,0.0,1.0
1131,0.03,0.003,R18,0.0,5.01504513541e-05,1.0,0.0,1.0
1132,0.03,0.003,R19,0.0,5.01504513541e-05,1.0,0.0,1.0
1133,0.03,0.003,R20,0.0,5.01504513541e-05,1.0,0.0,1.0
1134,0.03,0.004,R0,19996.0,0.0002,1.0,0.0,1.0
1135,0.03,0.004,R1,3.0,0.0002,1.0,0.0,1.0
1136,0.03,0.004,R2,0.0,0.0002,1.0,0.0,1.0
1137,0.03,0.004,R3,0.0,0.0002,1.0,0.0,1.0
1138,0.03,0.004,R4,0.0,0.0002,1.0,0.0,1.0
1139,0.03,0.004,R5,0.0,0.0002,1.0,0.0,1.0
1140,0.03,0.004,R6,0.0,0.0002,1.0,0.0,1.0
1141,0.03,0.004,R7,0.0,0.0002,1.0,0.0,1.0
1142,0.03,0.004,R8,0.0,0.0002,1.0,0.0,1.0
1143,0.03,0.004,R9,0.0,0.0002,1.0,0.0,1.0
1144,0.03,0.004,R10,0.0,0.0002,1.0,0.0,1.0
1145,0.03,0.004,R11,0.0,0.0002,1.0,0.0,1.0
1146,0.03,0.004,R12,0.0,0.0002,1.0,0.0,1.0
1147,0.03,0.004,R13,0.0,0.0002,1.0,0.0,1.0
1148,0.03,0.004,R14,0.0,0.0002,1.0,0.0,1.0
1149,0.03,0.004,R15,0.0,0.0002,1.0,0.0,1.0
1150,0.03,0.004,R16,0.0,0.0002,1.0,0.0,1.0
1151,0.03,0.004,R17,0.0,0.0002,1.0,0.0,1.0
1152,0.03,0.004,R18,0.0,0.0002,1.0,0.0,1.0
1153,0.03,0.004,R19,0.0,0.0002,1.0,0.0,1.0
1154,0.03,0.004,R20,0.0,0.0002,1.0,0.0,1.0
1155,0.03,0.005,R0,19998.0,0.0001,1.0,0.0,1.0
1156,0.03,0.005,R1,2.0,0.0001,1.0,0.0,1.0
1157,0.03,0.005,R2,0.0,0.0001,1.0,0.0,1.0
1158,0.03,0.005,R3,0.0,0.0001,1.0,0.0,1.0
1159,0.03,0.005,R4,0.0,0.0001,1.0,0.0,1.0
1160,0.03,0.005,R5,0.0,0.0001,1.0,0.0,1.0
1161,0.03,0.005,R6,0.0,0.0001,1.0,0.0,1.0
1162,0.03,0.005,R7,0.0,0.0001,1.0,0.0,1.0
1163,0.03,0.005,R8,0.0,0.0001,1.0,0.0,1.0
1164,0.03,0.005,R9,0.0,0.0001,1.0,0.0,1.0
1165,0.03,0.005,R10,0.0,0.0001,1.0,0.0,1.0
1166,0.03,0.005,R11,0.0,0.0001,1.0,0.0,1.0
1167,0.03,0.005,R12,0.0,0.0001,1.0,0.0,1.0
1168,0.03,0.005,R13,0.0,0.0001,1.0,0.0,1.0
1169,0.03,0.005,R14,0.0,0.0001,1.0,0.0,1.0
1170,0.03,0.005,R15,0.0,0.0001,1.0,0.0,1.0
1171,0.03,0.005,R16,0.0,0.0001,1.0,0.0,1.0
1172,0.03,0.005,R17,0.0,0.0001,1.0,0.0,1.0
1173,0.03,0.005,R18,0.0,0.0001,1.0,0.0,1.0
1174,0.03,0.005,R19,0.0,0.0001,1.0,0.0,1.0
1175,0.03,0.005,R20,0.0,0.0001,1.0,0.0,1.0
1176,0.03,0.006,R0,20000.0,0.0,1.0,0.0,1.0
1177,0.03,0.006,R1,0.0,0.0,1.0,0.0,1.0
1178,0.03,0.006,R2,0.0,0.0,1.0,0.0,1.0
1179,0.03,0.006,R3,0.0,0.0,1.0,0.0,1.0
1180,0.03,0.006,R4,0.0,0.0,1.0,0.0,1.0
1181,0.03,0.006,R5,0.0,0.0,1.0,0.0,1.0
1182,0.03,0.006,R6,0.0,0.0,1.0,0.0,1.0
1183,0.03,0.006,R7,0.0,0.0,1.0,0.0,1.0
1184,0.03,0.006,R8,0.0,0.0,1.0,0.0,1.0
1185,0.03,0.006,R9,0.0,0.0,1.0,0.0,1.0
1186,0.03,0.006,R10,0.0,0.0,1.0,0.0,1.0
1187,0.03,0.006,R11,0.0,0.0,1.0,0.0,1.0
1188,0.03,0.006,R12,0.0,0.0,1.0,0.0,1.0
1189,0.03,0.006,R13,0.0,0.0,1.0,0.0,1.0
1190,0.03,0.006,R14,0.0,0.0,1.0,0.0,1.0
1191,0.03,0.006,R15,0.0,0.0,1.0,0.0,1.0
1192,0.03,0.006,R16,0.0,0.0,1.0,0.0,1.0
1193,0.03,0.006,R17,0.0,0.0,1.0,0.0,1.0
1194,0.03,0.006,R18,0.0,0.0,1.0,0.0,1.0
1195,0.03,0.006,R19,0.0,0.0,1.0,0.0,1.0
1196,0.03,0.006,R20,0.0,0.0,1.0,0.0,1.0
1197,0.03,0.007,R0,19998.0,0.0001,1.0,0.0,1.0
1198,0.03,0.007,R1,2.0,0.0001,1.0,0.0,1.0
1199,0.03,0.007,R2,0.0,0.0001,1.0,0.0,1.0
1200,0.03,0.007,R3,0.0,0.0001,1.0,0.0,1.0
1201,0.03,0.007,R4,0.0,0.0001,1.0,0.0,1.0
1202,0.03,0.007,R5,0.0,0.0001,1.0,0.0,1.0
1203,0.03,0.007,R6,0.0,0.0001,1.0,0.0,1.0
1204,0.03,0.007,R7,0.0,0.0001,1.0,0.0,1.0
1205,0.03,0.007,R8,0.0,0.0001,1.0,0.0,1.0
1206,0.03,0.007,R9,0.0,0.0001,1.0,0.0,1.0
1207,0.03,0.007,R10,0.0,0.0001,1.0,0.0,1.0
1208,0.03,0.007,R11,0.0,0.0001,1.0,0.0,1.0
1209,0.03,0.007,R12,0.0,0.0001,1.0,0.0,1.0
1210,0.03,0.007,R13,0.0,0.0001,1.0,0.0,1.0
1211,0.03,0.007,R14,0.0,0.0001,1.0,0.0,1.0
1212,0.03,0.007,R15,0.0,0.0001,1.0,0.0,1.0
1213,0.03,0.007,R16,0.0,0.0001,1.0,0.0,1.0
1214,0.03,0.007,R17,0.0,0.0001,1.0,0.0,1.0
1215,0.03,0.007,R18,0.0,0.0001,1.0,0.0,1.0
1216,0.03,0.007,R19,0.0,0.0001,1.0,0.0,1.0
1217,0.03,0.007,R20,0.0,0.0001,1.0,0.0,1.0
1218,0.03,0.008,R0,19997.0,0.00015,1.0,0.0,1.0
1219,0.03,0.008,R1,3.0,0.00015,1.0,0.0,1.0
1220,0.03,0.008,R2,0.0,0.00015,1.0,0.0,1.0
1221,0.03,0.008,R3,0.0,0.00015,1.0,0.0,1.0
1222,0.03,0.008,R4,0.0,0.00015,1.0,0.0,1.0
1223,0.03,0.008,R5,0.0,0.00015,1.0,0.0,1.0
1224,0.03,0.008,R6,0.0,0.00015,1.0,0.0,1.0
1225,0.03,0.008,R7,0.0,0.00015,1.0,0.0,1.0
1226,0.03,0.008,R8,0.0,0.00015,1.0,0.0,1.0
1227,0.03,0.008,R9,0.0,0.00015,1.0,0.0,1.0
1228,0.03,0.008,R10,0.0,0.00015,1.0,0.0,1.0
1229,0.03,0.008,R11,0.0,0.00015,1.0,0.0,1.0
1230,0.03,0.008,R12,0.0,0.00015,1.0,0.0,1.0
1231,0.03,0.008,R13,0.0,0.00015,1.0,0.0,1.0
1232,0.03,0.008,R14,0.0,0.00015,1.0,0.0,1.0
1233,0.03,0.008,R15,0.0,0.00015,1.0,0.0,1.0
1234,0.03,0.008,R16,0.0,0.00015,1.0,0.0,1.0
1235,0.03,0.008,R17,0.0,0.00015,1.0,0.0,1.0
1236,0.03,0.008,R18,0.0,0.00015,1.0,0.0,1.0
1237,0.03,0.008,R19,0.0,0.00015,1.0,0.0,1.0
1238,0.03,0.008,R20,0.0,0.00015,1.0,0.0,1.0
1239,0.03,0.009,R0,19998.0,0.0001,1.0,0.0,1.0
1240,0.03,0.009,R1,2.0,0.0001,1.0,0.0,1.0
1241,0.03,0.009,R2,0.0,0.0001,1.0,0.0,1.0
1242,0.03,0.009,R3,0.0,0.0001,1.0,0.0,1.0
1243,0.03,0.009,R4,0.0,0.0001,1.0,0.0,1.0
1244,0.03,0.009,R5,0.0,0.0001,1.0,0.0,1.0
1245,0.03,0.009,R6,0.0,0.0001,1.0,0.0,1.0
1246,0.03,0.009,R7,0.0,0.0001,1.0,0.0,1.0
1247,0.03,0.009,R8,0.0,0.0001,1.0,0.0,1.0
1248,0.03,0.009,R9,0.0,0.0001,1.0,0.0,1.0
1249,0.03,0.009,R10,0.0,0.0001,1.0,0.0,1.0
1250,0.03,0.009,R11,0.0,0.0001,1.0,0.0,1.0
1251,0.03,0.009,R12,0.0,0.0001,1.0,0.0,1.0
1252,0.03,0.009,R13,0.0,0.0001,1.0,0.0,1.0
1253,0.03,0.009,R14,0.0,0.0001,1.0,0.0,1.0
1254,0.03,0.009,R15,0.0,0.0001,1.0,0.0,1.0
1255,0.03,0.009,R16,0.0,0.0001,1.0,0.0,1.0
1256,0.03,0.009,R17,0.0,0.0001,1.0,0.0,1.0
1257,0.03,0.009,R18,0.0,0.0001,1.0,0.0,1.0
1258,0.03,0.009,R19,0.0,0.0001,1.0,0.0,1.0
1259,0.03,0.009,R20,0.0,0.0001,1.0,0.0,1.0
1260,0.036,0.0,R0,19998.0,0.0001,1.0,0.0,1.0
1261,0.036,0.0,R1,2.0,0.0001,1.0,0.0,1.0
1262,0.036,0.0,R2,0.0,0.0001,1.0,0.0,1.0
1263,0.036,0.0,R3,0.0,0.0001,1.0,0.0,1.0
1264,0.036,0.0,R4,0.0,0.0001,1.0,0.0,1.0
1265,0.036,0.0,R5,0.0,0.0001,1.0,0.0,1.0
1266,0.036,0.0,R6,0.0,0.0001,1.0,0.0,1.0
1267,0.036,0.0,R7,0.0,0.0001,1.0,0.0,1.0
1268,0.036,0.0,R8,0.0,0.0001,1.0,0.0,1.0
1269,0.036,0.0,R9,0.0,0.0001,1.0,0.0,1.0
1270,0.036,0.0,R10,0.0,0.0001,1.0,0.0,1.0
1271,0.036,0.0,R11,0.0,0.0001,1.0,0.0,1.0
1272,0.036,0.0,R12,0.0,0.0001,1.0,0.0,1.0
1273,0.036,0.0,R13,0.0,0.0001,1.0,0.0,1.0
1274,0.036,0.0,R14,0.0,0.0001,1.0,0.0,1.0
1275,0.036,0.0,R15,0.0,0.0001,1.0,0.0,1.0
1276,0.036,0.0,R16,0.0,0.0001,1.0,0.0,1.0
1277,0.036,0.0,R17,0.0,0.0001,1.0,0.0,1.0
1278,0.036,0.0,R18,0.0,0.0001,1.0,0.0,1.0
1279,0.036,0.0,R19,0.0,0.0001,1.0,0.0,1.0
1280,0.036,0.0,R20,0.0,0.0001,1.0,0.0,1.0
1281,0.036,0.001,R0,19938.0,0.000100300902708,1.0,0.0,1.0
1282,0.036,0.001,R1,2.0,0.000100300902708,1.0,0.0,1.0
1283,0.036,0.001,R2,0.0,0.000100300902708,1.0,0.0,1.0
1284,0.036,0.001,R3,0.0,0.000100300902708,1.0,0.0,1.0
1285,0.036,0.001,R4,0.0,0.000100300902708,1.0,0.0,1.0
1286,0.036,0.001,R5,0.0,0.000100300902708,1.0,0.0,1.0
1287,0.036,0.001,R6,0.0,0.000100300902708,1.0,0.0,1.0
1288,0.036,0.001,R7,0.0,0.000100300902708,1.0,0.0,1.0
1289,0.036,0.001,R8,0.0,0.000100300902708,1.0,0.0,1.0
1290,0.036,0.001,R9,0.0,0.000100300902708,1.0,0.0,1.0
1291,0.036,0.001,R10,0.0,0.000100300902708,1.0,0.0,1.0
1292,0.036,0.001,R11,0.0,0.000100300902708,1.0,0.0,1.0
1293,0.036,0.001,R12,0.0,0.000100300902708,1.0,0.0,1.0
1294,0.036,0.001,R13,0.0,0.000100300902708,1.0,0.0,1.0
1295,0.036,0.001,R14,0.0,0.000100300902708,1.0,0.0,1.0
1296,0.036,0.001,R15,0.0,0.000100300902708,1.0,0.0,1.0
1297,0.036,0.001,R16,0.0,0.000100300902708,1.0,0.0,1.0
1298,0.036,0.001,R17,0.0,0.000100300902708,1.0,0.0,1.0
1299,0.036,0.001,R18,0.0,0.000100300902708,1.0,0.0,1.0
1300,0.036,0.001,R19,0.0,0.000100300902708,1.0,0.0,1.0
1301,0.036,0.001,R20,0.0,0.000100300902708,1.0,0.0,1.0
1302,0.036,0.002,R0,20000.0,0.0,1.0,0.0,1.0
1303,0.036,0.002,R1,0.0,0.0,1.0,0.0,1.0
1304,0.036,0.002,R2,0.0,0.0,1.0,0.0,1.0
1305,0.036,0.002,R3,0.0,0.0,1.0,0.0,1.0
1306,0.036,0.002,R4,0.0,0.0,1.0,0.0,1.0
1307,0.036,0.002,R5,0.0,0.0,1.0,0.0,1.0
1308,0.036,0.002,R6,0.0,0.0,1.0,0.0,1.0
1309,0.036,0.002,R7,0.0,0.0,1.0,0.0,1.0
1310,0.036,0.002,R8,0.0,0.0,1.0,0.0,1.0
1311,0.036,0.002,R9,0.0,0.0,1.0,0.0,1.0
1312,0.036,0.002,R10,0.0,0.0,1.0,0.0,1.0
1313,0.036,0.002,R11,0.0,0.0,1.0,0.0,1.0
1314,0.036,0.002,R12,0.0,0.0,1.0,0.0,1.0
1315,0.036,0.002,R13,0.0,0.0,1.0,0.0,1.0
1316,0.036,0.002,R14,0.0,0.0,1.0,0.0,1.0
1317,0.036,0.002,R15,0.0,0.0,1.0,0.0,1.0
1318,0.036,0.002,R16,0.0,0.0,1.0,0.0,1.0
1319,0.036,0.002,R17,0.0,0.0,1.0,0.0,1.0
1320,0.036,0.002,R18,0.0,0.0,1.0,0.0,1.0
1321,0.036,0.002,R19,0.0,0.0,1.0,0.0,1.0
1322,0.036,0.002,R20,0.0,0.0,1.0,0.0,1.0
1323,0.036,0.003,R0,19997.0,0.00015,1.0,0.0,1.0
1324,0.036,0.003,R1,3.0,0.00015,1.0,0.0,1.0
1325,0.036,0.003,R2,0.0,0.00015,1.0,0.0,1.0
1326,0.036,0.003,R3,0.0,0.00015,1.0,0.0,1.0
1327,0.036,0.003,R4,0.0,0.00015,1.0,0.0,1.0
1328,0.036,0.003,R5,0.0,0.00015,1.0,0.0,1.0
1329,0.036,0.003,R6,0.0,0.00015,1.0,0.0,1.0
1330,0.036,0.003,R7,0.0,0.00015,1.0,0.0,1.0
1331,0.036,0.003,R8,0.0,0.00015,1.0,0.0,1.0
1332,0.036,0.003,R9,0.0,0.00015,1.0,0.0,1.0
1333,0.036,0.003,R10,0.0,0.00015,1.0,0.0,1.0
1334,0.036,0.003,R11,0.0,0.00015,1.0,0.0,1.0
1335,0.036,0.003,R12,0.0,0.00015,1.0,0.0,1.0
1336,0.036,0.003,R13,0.0,0.00015,1.0,0.0,1.0
1337,0.036,0.003,R14,0.0,0.00015,1.0,0.0,1.0
1338,0.036,0.003,R15,0.0,0.00015,1.0,0.0,1.0
1339,0.036,0.003,R16,0.0,0.00015,1.0,0.0,1.0
1340,0.036,0.003,R17,0.0,0.00015,1.0,0.0,1.0
1341,0.036,0.003,R18,0.0,0.00015,1.0,0.0,1.0
1342,0.036,0.003,R19,0.0,0.00015,1.0,0.0,1.0
1343,0.036,0.003,R20,0.0,0.00015,1.0,0.0,1.0
1344,0.036,0.004,R0,19997.0,0.00015,1.0,0.0,1.0
1345,0.036,0.004,R1,3.0,0.00015,1.0,0.0,1.0
1346,0.036,0.004,R2,0.0,0.00015,1.0,0.0,1.0
1347,0.036,0.004,R3,0.0,0.00015,1.0,0.0,1.0
1348,0.036,0.004,R4,0.0,0.00015,1.0,0.0,1.0
1349,0.036,0.004,R5,0.0,0.00015,1.0,0.0,1.0
1350,0.036,0.004,R6,0.0,0.00015,1.0,0.0,1.0
1351,0.036,0.004,R7,0.0,0.00015,1.0,0.0,1.0
1352,0.036,0.004,R8,0.0,0.00015,1.0,0.0,1.0
1353,0.036,0.004,R9,0.0,0.00015,1.0,0.0,1.0
1354,0.036,0.004,R10,0.0,0.00015,1.0,0.0,1.0
1355,0.036,0.004,R11,0.0,0.00015,1.0,0.0,1.0
1356,0.036,0.004,R12,0.0,0.00015,1.0,0.0,1.0
1357,0.036,0.004,R13,0.0,0.00015,1.0,0.0,1.0
1358,0.036,0.004,R14,0.0,0.00015,1.0,0.0,1.0
1359,0.036,0.004,R15,0.0,0.00015,1.0,0.0,1.0
1360,0.036,0.004,R16,0.0,0.00015,1.0,0.0,1.0
1361,0.036,0.004,R17,0.0,0.00015,1.0,0.0,1.0
1362,0.036,0.004,R18,0.0,0.00015,1.0,0.0,1.0
1363,0.036,0.004,R19,0.0,0.00015,1.0,0.0,1.0
1364,0.036,0.004,R20,0.0,0.00015,1.0,0.0,1.0
1365,0.036,0.005,R0,19996.0,0.0002,1.001,0.0316069612586,2.0
1366,0.036,0.005,R1,4.0,0.0002,1.001,0.0316069612586,2.0
1367,0.036,0.005,R2,0.0,0.0002,1.001,0.0316069612586,2.0
1368,0.036,0.005,R3,0.0,0.0002,1.001,0.0316069612586,2.0
1369,0.036,0.005,R4,0.0,0.0002,1.001,0.0316069612586,2.0
1370,0.036,0.005,R5,0.0,0.0002,1.001,0.0316069612586,2.0
1371,0.036,0.005,R6,0.0,0.0002,1.001,0.0316069612586,2.0
1372,0.036,0.005,R7,0.0,0.0002,1.001,0.0316069612586,2.0
1373,0.036,0.005,R8,0.0,0.0002,1.001,0.0316069612586,2.0
1374,0.036,0.005,R9,0.0,0.0002,1.001,0.0316069612586,2.0
1375,0.036,0.005,R10,0.0,0.0002,1.001,0.0316069612586,2.0
1376,0.036,0.005,R11,0.0,0.0002,1.001,0.0316069612586,2.0
1377,0.036,0.005,R12,0.0,0.0002,1.001,0.0316069612586,2.0
1378,0.036,0.005,R13,0.0,0.0002,1.001,0.0316069612586,2.0
1379,0.036,0.005,R14,0.0,0.0002,1.001,0.0316069612586,2.0
1380,0.036,0.005,R15,0.0,0.0002,1.001,0.0316069612586,2.0
1381,0.036,0.005,R16,0.0,0.0002,1.001,0.0316069612586,2.0
1382,0.036,0.005,R17,0.0,0.0002,1.001,0.0316069612586,2.0
1383,0.036,0.005,R18,0.0,0.0002,1.001,0.0316069612586,2.0
1384,0.036,0.005,R19,0.0,0.0002,1.001,0.0316069612586,2.0
1385,0.036,0.005,R20,0.0,0.0002,1.001,0.0316069612586,2.0
1386,0.036,0.006,R0,19977.0,0.00015015015015,1.0,0.0,1.0
1387,0.036,0.006,R1,3.0,0.00015015015015,1.0,0.0,1.0
1388,0.036,0.006,R2,0.0,0.00015015015015,1.0,0.0,1.0
1389,0.036,0.006,R3,0.0,0.00015015015015,1.0,0.0,1.0
1390,0.036,0.006,R4,0.0,0.00015015015015,1.0,0.0,1.0
1391,0.036,0.006,R5,0.0,0.00015015015015,1.0,0.0,1.0
1392,0.036,0.006,R6,0.0,0.00015015015015,1.0,0.0,1.0
1393,0.036,0.006,R7,0.0,0.00015015015015,1.0,0.0,1.0
1394,0.036,0.006,R8,0.0,0.00015015015015,1.0,0.0,1.0
1395,0.036,0.006,R9,0.0,0.00015015015015,1.0,0.0,1.0
1396,0.036,0.006,R10,0.0,0.00015015015015,1.0,0.0,1.0
1397,0.036,0.006,R11,0.0,0.00015015015015,1.0,0.0,1.0
1398,0.036,0.006,R12,0.0,0.00015015015015,1.0,0.0,1.0
1399,0.036,0.006,R13,0.0,0.00015015015015,1.0,0.0,1.0
1400,0.036,0.006,R14,0.0,0.00015015015015,1.0,0.0,1.0
1401,0.036,0.006,R15,0.0,0.00015015015015,1.0,0.0,1.0
1402,0.036,0.006,R16,0.0,0.00015015015015,1.0,0.0,1.0
1403,0.036,0.006,R17,0.0,0.00015015015015,1.0,0.0,1.0
1404,0.036,0.006,R18,0.0,0.00015015015015,1.0,0.0,1.0
1405,0.036,0.006,R19,0.0,0.00015015015015,1.0,0.0,1.0
1406,0.036,0.006,R20,0.0,0.00015015015015,1.0,0.0,1.0
1407,0.036,0.007,R0,19994.0,0.0003,1.0,0.0,1.0
1408,0.036,0.007,R1,6.0,0.0003,1.0,0.0,1.0
1409,0.036,0.007,R2,0.0,0.0003,1.0,0.0,1.0
1410,0.036,0.007,R3,0.0,0.0003,1.0,0.0,1.0
1411,0.036,0.007,R4,0.0,0.0003,1.0,0.0,1.0
1412,0.036,0.007,R5,0.0,0.0003,1.0,0.0,1.0
1413,0.036,0.007,R6,0.0,0.0003,1.0,0.0,1.0
1414,0.036,0.007,R7,0.0,0.0003,1.0,0.0,1.0
1415,0.036,0.007,R8,0.0,0.0003,1.0,0.0,1.0
1416,0.036,0.007,R9,0.0,0.0003,1.0,0.0,1.0
1417,0.036,0.007,R10,0.0,0.0003,1.0,0.0,1.0
1418,0.036,0.007,R11,0.0,0.0003,1.0,0.0,1.0
1419,0.036,0.007,R12,0.0,0.0003,1.0,0.0,1.0
1420,0.036,0.007,R13,0.0,0.0003,1.0,0.0,1.0
1421,0.036,0.007,R14,0.0,0.0003,1.0,0.0,1.0
1422,0.036,0.007,R15,0.0,0.0003,1.0,0.0,1.0
1423,0.036,0.007,R16,0.0,0.0003,1.0,0.0,1.0
1424,0.036,0.007,R17,0.0,0.0003,1.0,0.0,1.0
1425,0.036,0.007,R18,0.0,0.0003,1.0,0.0,1.0
1426,0.036,0.007,R19,0.0,0.0003,1.0,0.0,1.0
1427,0.036,0.007,R20,0.0,0.0003,1.0,0.0,1.0
1428,0.036,0.008,R0,19998.0,0.0001,1.0,0.0,1.0
1429,0.036,0.008,R1,2.0,0.0001,1.0,0.0,1.0
1430,0.036,0.008,R2,0.0,0.0001,1.0,0.0,1.0
1431,0.036,0.008,R3,0.0,0.0001,1.0,0.0,1.0
1432,0.036,0.008,R4,0.0,0.0001,1.0,0.0,1.0
1433,0.036,0.008,R5,0.0,0.0001,1.0,0.0,1.0
1434,0.036,0.008,R6,0.0,0.0001,1.0,0.0,1.0
1435,0.036,0.008,R7,0.0,0.0001,1.0,0.0,1.0
1436,0.036,0.008,R8,0.0,0.0001,1.0,0.0,1.0
1437,0.036,0.008,R9,0.0,0.0001,1.0,0.0,1.0
1438,0.036,0.008,R10,0.0,0.0001,1.0,0.0,1.0
1439,0.036,0.008,R11,0.0,0.0001,1.0,0.0,1.0
1440,0.036,0.008,R12,0.0,0.0001,1.0,0.0,1.0
1441,0.036,0.008,R13,0.0,0.0001,1.0,0.0,1.0
1442,0.036,0.008,R14,0.0,0.0001,1.0,0.0,1.0
1443,0.036,0.008,R15,0.0,0.0001,1.0,0.0,1.0
1444,0.036,0.008,R16,0.0,0.0001,1.0,0.0,1.0
1445,0.036,0.008,R17,0.0,0.0001,1.0,0.0,1.0
1446,0.036,0.008,R18,0.0,0.0001,1.0,0.0,1.0
1447,0.036,0.008,R19,0.0,0.0001,1.0,0.0,1.0
1448,0.036,0.008,R20,0.0,0.0001,1.0,0.0,1.0
1449,0.036,0.009,R0,19978.0,0.0001001001001,1.0,0.0,1.0
1450,0.036,0.009,R1,2.0,0.0001001001001,1.0,0.0,1.0
1451,0.036,0.009,R2,0.0,0.0001001001001,1.0,0.0,1.0
1452,0.036,0.009,R3,0.0,0.0001001001001,1.0,0.0,1.0
1453,0.036,0.009,R4,0.0,0.0001001001001,1.0,0.0,1.0
1454,0.036,0.009,R5,0.0,0.0001001001001,1.0,0.0,1.0
1455,0.036,0.009,R6,0.0,0.0001001001001,1.0,0.0,1.0
1456,0.036,0.009,R7,0.0,0.0001001001001,1.0,0.0,1.0
1457,0.036,0.009,R8,0.0,0.0001001001001,1.0,0.0,1.0
1458,0.036,0.009,R9,0.0,0.0001001001001,1.0,0.0,1.0
1459,0.036,0.009,R10,0.0,0.0001001001001,1.0,0.0,1.0
1460,0.036,0.009,R11,0.0,0.0001001001001,1.0,0.0,1.0
1461,0.036,0.009,R12,0.0,0.0001001001001,1.0,0.0,1.0
1462,0.036,0.009,R13,0.0,0.0001001001001,1.0,0.0,1.0
1463,0.036,0.009,R14,0.0,0.0001001001001,1.0,0.0,1.0
1464,0.036,0.009,R15,0.0,0.0001001001001,1.0,0.0,1.0
1465,0.036,0.009,R16,0.0,0.0001001001001,1.0,0.0,1.0
1466,0.036,0.009,R17,0.0,0.0001001001001,1.0,0.0,1.0
1467,0.036,0.009,R18,0.0,0.0001001001001,1.0,0.0,1.0
1468,0.036,0.009,R19,0.0,0.0001001001001,1.0,0.0,1.0
1469,0.036,0.009,R20,0.0,0.0001001001001,1.0,0.0,1.0
1470,0.042,0.0,R0,19996.0,0.0002,1.0,0.0,1.0
1471,0.042,0.0,R1,4.0,0.0002,1.0,0.0,1.0
1472,0.042,0.0,R2,0.0,0.0002,1.0,0.0,1.0
1473,0.042,0.0,R3,0.0,0.0002,1.0,0.0,1.0
1474,0.042,0.0,R4,0.0,0.0002,1.0,0.0,1.0
1475,0.042,0.0,R5,0.0,0.0002,1.0,0.0,1.0
1476,0.042,0.0,R6,0.0,0.0002,1.0,0.0,1.0
1477,0.042,0.0,R7,0.0,0.0002,1.0,0.0,1.0
1478,0.042,0.0,R8,0.0,0.0002,1.0,0.0,1.0
1479,0.042,0.0,R9,0.0,0.0002,1.0,0.0,1.0
1480,0.042,0.0,R10,0.0,0.0002,1.0,0.0,1.0
1481,0.042,0.0,R11,0.0,0.0002,1.0,0.0,1.0
1482,0.042,0.0,R12,0.0,0.0002,1.0,0.0,1.0
1483,0.042,0.0,R13,0.0,0.0002,1.0,0.0,1.0
1484,0.042,0.0,R14,0.0,0.0002,1.0,0.0,1.0
1485,0.042,0.0,R15,0.0,0.0002,1.0,0.0,1.0
1486,0.042,0.0,R16,0.0,0.0002,1.0,0.0,1.0
1487,0.042,0.0,R17,0.0,0.0002,1.0,0.0,1.0
1488,0.042,0.0,R18,0.0,0.0002,1.0,0.0,1.0
1489,0.042,0.0,R19,0.0,0.0002,1.0,0.0,1.0
1490,0.042,0.0,R20,0.0,0.0002,1.0,0.0,1.0
1491,0.042,0.001,R0,19999.0,5e-05,1.0,0.0,1.0
1492,0.042,0.001,R1,1.0,5e-05,1.0,0.0,1.0
1493,0.042,0.001,R2,0.0,5e-05,1.0,0.0,1.0
1494,0.042,0.001,R3,0.0,5e-05,1.0,0.0,1.0
1495,0.042,0.001,R4,0.0,5e-05,1.0,0.0,1.0
1496,0.042,0.001,R5,0.0,5e-05,1.0,0.0,1.0
1497,0.042,0.001,R6,0.0,5e-05,1.0,0.0,1.0
1498,0.042,0.001,R7,0.0,5e-05,1.0,0.0,1.0
1499,0.042,0.001,R8,0.0,5e-05,1.0,0.0,1.0
1500,0.042,0.001,R9,0.0,5e-05,1.0,0.0,1.0
1501,0.042,0.001,R10,0.0,5e-05,1.0,0.0,1.0
1502,0.042,0.001,R11,0.0,5e-05,1.0,0.0,1.0
1503,0.042,0.001,R12,0.0,5e-05,1.0,0.0,1.0
1504,0.042,0.001,R13,0.0,5e-05,1.0,0.0,1.0
1505,0.042,0.001,R14,0.0,5e-05,1.0,0.0,1.0
1506,0.042,0.001,R15,0.0,5e-05,1.0,0.0,1.0
1507,0.042,0.001,R16,0.0,5e-05,1.0,0.0,1.0
1508,0.042,0.001,R17,0.0,5e-05,1.0,0.0,1.0
1509,0.042,0.001,R18,0.0,5e-05,1.0,0.0,1.0
1510,0.042,0.001,R19,0.0,5e-05,1.0,0.0,1.0
1511,0.042,0.001,R20,0.0,5e-05,1.0,0.0,1.0
1512,0.042,0.002,R0,19995.0,0.00025,1.0,0.0,1.0
1513,0.042,0.002,R1,5.0,0.00025,1.0,0.0,1.0
1514,0.042,0.002,R2,0.0,0.00025,1.0,0.0,1.0
1515,0.042,0.002,R3,0.0,0.00025,1.0,0.0,1.0
1516,0.042,0.002,R4,0.0,0.00025,1.0,0.0,1.0
1517,0.042,0.002,R5,0.0,0.00025,1.0,0.0,1.0
1518,0.042,0.002,R6,0.0,0.00025,1.0,0.0,1.0
1519,0.042,0.002,R7,0.0,0.00025,1.0,0.0,1.0
1520,0.042,0.002,R8,0.0,0.00025,1.0,0.0,1.0
1521,0.042,0.002,R9,0.0,0.00025,1.0,0.0,1.0
1522,0.042,0.002,R10,0.0,0.00025,1.0,0.0,1.0
1523,0.042,0.002,R11,0.0,0.00025,1.0,0.0,1.0
1524,0.042,0.002,R12,0.0,0.00025,1.0,0.0,1.0
1525,0.042,0.002,R13,0.0,0.00025,1.0,0.0,1.0
1526,0.042,0.002,R14,0.0,0.00025,1.0,0.0,1.0
1527,0.042,0.002,R15,0.0,0.00025,1.0,0.0,1.0
1528,0.042,0.002,R16,0.0,0.00025,1.0,0.0,1.0
1529,0.042,0.002,R17,0.0,0.00025,1.0,0.0,1.0
1530,0.042,0.002,R18,0.0,0.00025,1.0,0.0,1.0
1531,0.042,0.002,R19,0.0,0.00025,1.0,0.0,1.0
1532,0.042,0.002,R20,0.0,0.00025,1.0,0.0,1.0
1533,0.042,0.003,R0,19995.0,0.00025,1.0,0.0,1.0
1534,0.042,0.003,R1,4.0,0.00025,1.0,0.0,1.0
1535,0.042,0.003,R2,0.0,0.00025,1.0,0.0,1.0
1536,0.042,0.003,R3,0.0,0.00025,1.0,0.0,1.0
1537,0.042,0.003,R4,0.0,0.00025,1.0,0.0,1.0
1538,0.042,0.003,R5,0.0,0.00025,1.0,0.0,1.0
1539,0.042,0.003,R6,0.0,0.00025,1.0,0.0,1.0
1540,0.042,0.003,R7,0.0,0.00025,1.0,0.0,1.0
1541,0.042,0.003,R8,0.0,0.00025,1.0,0.0,1.0
1542,0.042,0.003,R9,0.0,0.00025,1.0,0.0,1.0
1543,0.042,0.003,R10,0.0,0.00025,1.0,0.0,1.0
1544,0.042,0.003,R11,0.0,0.00025,1.0,0.0,1.0
1545,0.042,0.003,R12,0.0,0.00025,1.0,0.0,1.0
1546,0.042,0.003,R13,0.0,0.00025,1.0,0.0,1.0
1547,0.042,0.003,R14,0.0,0.00025,1.0,0.0,1.0
1548,0.042,0.003,R15,0.0,0.00025,1.0,0.0,1.0
1549,0.042,0.003,R16,0.0,0.00025,1.0,0.0,1.0
1550,0.042,0.003,R17,0.0,0.00025,1.0,0.0,1.0
1551,0.042,0.003,R18,0.0,0.00025,1.0,0.0,1.0
1552,0.042,0.003,R19,0.0,0.00025,1.0,0.0,1.0
1553,0.042,0.003,R20,0.0,0.00025,1.0,0.0,1.0
1554,0.042,0.004,R0,19979.0,5.00500500501e-05,1.0,0.0,1.0
1555,0.042,0.004,R1,0.0,5.00500500501e-05,1.0,0.0,1.0
1556,0.042,0.004,R2,0.0,5.00500500501e-05,1.0,0.0,1.0
1557,0.042,0.004,R3,0.0,5.00500500501e-05,1.0,0.0,1.0
1558,0.042,0.004,R4,0.0,5.00500500501e-05,1.0,0.0,1.0
1559,0.042,0.004,R5,0.0,5.00500500501e-05,1.0,0.0,1.0
1560,0.042,0.004,R6,0.0,5.00500500501e-05,1.0,0.0,1.0
1561,0.042,0.004,R7,0.0,5.00500500501e-05,1.0,0.0,1.0
1562,0.042,0.004,R8,0.0,5.00500500501e-05,1.0,0.0,1.0
1563,0.042,0.004,R9,0.0,5.00500500501e-05,1.0,0.0,1.0
1564,0.042,0.004,R10,0.0,5.00500500501e-05,1.0,0.0,1.0
1565,0.042,0.004,R11,0.0,5.00500500501e-05,1.0,0.0,1.0
1566,0.042,0.004,R12,0.0,5.00500500501e-05,1.0,0.0,1.0
1567,0.042,0.004,R13,0.0,5.00500500501e-05,1.0,0.0,1.0
1568,0.042,0.004,R14,0.0,5.00500500501e-05,1.0,0.0,1.0
1569,0.042,0.004,R15,0.0,5.00500500501e-05,1.0,0.0,1.0
1570,0.042,0.004,R16,0.0,5.00500500501e-05,1.0,0.0,1.0
1571,0.042,0.004,R17,0.0,5.00500500501e-05,1.0,0.0,1.0
1572,0.042,0.004,R18,0.0,5.00500500501e-05,1.0,0.0,1.0
1573,0.042,0.004,R19,0.0,5.00500500501e-05,1.0,0.0,1.0
1574,0.042,0.004,R20,0.0,5.00500500501e-05,1.0,0.0,1.0
1575,0.042,0.005,R0,19977.0,0.00015015015015,1.0,0.0,1.0
1576,0.042,0.005,R1,3.0,0.00015015015015,1.0,0.0,1.0
1577,0.042,0.005,R2,0.0,0.00015015015015,1.0,0.0,1.0
1578,0.042,0.005,R3,0.0,0.00015015015015,1.0,0.0,1.0
1579,0.042,0.005,R4,0.0,0.00015015015015,1.0,0.0,1.0
1580,0.042,0.005,R5,0.0,0.00015015015015,1.0,0.0,1.0
1581,0.042,0.005,R6,0.0,0.00015015015015,1.0,0.0,1.0
1582,0.042,0.005,R7,0.0,0.00015015015015,1.0,0.0,1.0
1583,0.042,0.005,R8,0.0,0.00015015015015,1.0,0.0,1.0
1584,0.042,0.005,R9,0.0,0.00015015015015,1.0,0.0,1.0
1585,0.042,0.005,R10,0.0,0.00015015015015,1.0,0.0,1.0
1586,0.042,0.005,R11,0.0,0.00015015015015,1.0,0.0,1.0
1587,0.042,0.005,R12,0.0,0.00015015015015,1.0,0.0,1.0
1588,0.042,0.005,R13,0.0,0.00015015015015,1.0,0.0,1.0
1589,0.042,0.005,R14,0.0,0.00015015015015,1.0,0.0,1.0
1590,0.042,0.005,R15,0.0,0.00015015015015,1.0,0.0,1.0
1591,0.042,0.005,R16,0.0,0.00015015015015,1.0,0.0,1.0
1592,0.042,0.005,R17,0.0,0.00015015015015,1.0,0.0,1.0
1593,0.042,0.005,R18,0.0,0.00015015015015,1.0,0.0,1.0
1594,0.042,0.005,R19,0.0,0.00015015015015,1.0,0.0,1.0
1595,0.042,0.005,R20,0.0,0.00015015015015,1.0,0.0,1.0
1596,0.042,0.006,R0,19997.0,0.00015,1.0,0.0,1.0
1597,0.042,0.006,R1,3.0,0.00015,1.0,0.0,1.0
1598,0.042,0.006,R2,0.0,0.00015,1.0,0.0,1.0
1599,0.042,0.006,R3,0.0,0.00015,1.0,0.0,1.0
1600,0.042,0.006,R4,0.0,0.00015,1.0,0.0,1.0
1601,0.042,0.006,R5,0.0,0.00015,1.0,0.0,1.0
1602,0.042,0.006,R6,0.0,0.00015,1.0,0.0,1.0
1603,0.042,0.006,R7,0.0,0.00015,1.0,0.0,1.0
1604,0.042,0.006,R8,0.0,0.00015,1.0,0.0,1.0
1605,0.042,0.006,R9,0.0,0.00015,1.0,0.0,1.0
1606,0.042,0.006,R10,0.0,0.00015,1.0,0.0,1.0
1607,0.042,0.006,R11,0.0,0.00015,1.0,0.0,1.0
1608,0.042,0.006,R12,0.0,0.00015,1.0,0.0,1.0
1609,0.042,0.006,R13,0.0,0.00015,1.0,0.0,1.0
1610,0.042,0.006,R14,0.0,0.00015,1.0,0.0,1.0
1611,0.042,0.006,R15,0.0,0.00015,1.0,0.0,1.0
1612,0.042,0.006,R16,0.0,0.00015,1.0,0.0,1.0
1613,0.042,0.006,R17,0.0,0.00015,1.0,0.0,1.0
1614,0.042,0.006,R18,0.0,0.00015,1.0,0.0,1.0
1615,0.042,0.006,R19,0.0,0.00015,1.0,0.0,1.0
1616,0.042,0.006,R20,0.0,0.00015,1.0,0.0,1.0
1617,0.042,0.007,R0,19998.0,0.0001,1.0,0.0,1.0
1618,0.042,0.007,R1,2.0,0.0001,1.0,0.0,1.0
1619,0.042,0.007,R2,0.0,0.0001,1.0,0.0,1.0
1620,0.042,0.007,R3,0.0,0.0001,1.0,0.0,1.0
1621,0.042,0.007,R4,0.0,0.0001,1.0,0.0,1.0
1622,0.042,0.007,R5,0.0,0.0001,1.0,0.0,1.0
1623,0.042,0.007,R6,0.0,0.0001,1.0,0.0,1.0
1624,0.042,0.007,R7,0.0,0.0001,1.0,0.0,1.0
1625,0.042,0.007,R8,0.0,0.0001,1.0,0.0,1.0
1626,0.042,0.007,R9,0.0,0.0001,1.0,0.0,1.0
1627,0.042,0.007,R10,0.0,0.0001,1.0,0.0,1.0
1628,0.042,0.007,R11,0.0,0.0001,1.0,0.0,1.0
1629,0.042,0.007,R12,0.0,0.0001,1.0,0.0,1.0
1630,0.042,0.007,R13,0.0,0.0001,1.0,0.0,1.0
1631,0.042,0.007,R14,0.0,0.0001,1.0,0.0,1.0
1632,0.042,0.007,R15,0.0,0.0001,1.0,0.0,1.0
1633,0.042,0.007,R16,0.0,0.0001,1.0,0.0,1.0
1634,0.042,0.007,R17,0.0,0.0001,1.0,0.0,1.0
1635,0.042,0.007,R18,0.0,0.0001,1.0,0.0,1.0
1636,0.042,0.007,R19,0.0,0.0001,1.0,0.0,1.0
1637,0.042,0.007,R20,0.0,0.0001,1.0,0.0,1.0
1638,0.042,0.008,R0,19997.0,0.00015,1.0,0.0,1.0
1639,0.042,0.008,R1,3.0,0.00015,1.0,0.0,1.0
1640,0.042,0.008,R2,0.0,0.00015,1.0,0.0,1.0
1641,0.042,0.008,R3,0.0,0.00015,1.0,0.0,1.0
1642,0.042,0.008,R4,0.0,0.00015,1.0,0.0,1.0
1643,0.042,0.008,R5,0.0,0.00015,1.0,0.0,1.0
1644,0.042,0.008,R6,0.0,0.00015,1.0,0.0,1.0
1645,0.042,0.008,R7,0.0,0.00015,1.0,0.0,1.0
1646,0.042,0.008,R8,0.0,0.00015,1.0,0.0,1.0
1647,0.042,0.008,R9,0.0,0.00015,1.0,0.0,1.0
1648,0.042,0.008,R10,0.0,0.00015,1.0,0.0,1.0
1649,0.042,0.008,R11,0.0,0.00015,1.0,0.0,1.0
1650,0.042,0.008,R12,0.0,0.00015,1.0,0.0,1.0
1651,0.042,0.008,R13,0.0,0.00015,1.0,0.0,1.0
1652,0.042,0.008,R14,0.0,0.00015,1.0,0.0,1.0
1653,0.042,0.008,R15,0.0,0.00015,1.0,0.0,1.0
1654,0.042,0.008,R16,0.0,0.00015,1.0,0.0,1.0
1655,0.042,0.008,R17,0.0,0.00015,1.0,0.0,1.0
1656,0.042,0.008,R18,0.0,0.00015,1.0,0.0,1.0
1657,0.042,0.008,R19,0.0,0.00015,1.0,0.0,1.0
1658,0.042,0.008,R20,0.0,0.00015,1.0,0.0,1.0
1659,0.042,0.009,R0,19997.0,0.00015,1.0,0.0,1.0
1660,0.042,0.009,R1,3.0,0.00015,1.0,0.0,1.0
1661,0.042,0.009,R2,0.0,0.00015,1.0,0.0,1.0
1662,0.042,0.009,R3,0.0,0.00015,1.0,0.0,1.0
1663,0.042,0.009,R4,0.0,0.00015,1.0,0.0,1.0
1664,0.042,0.009,R5,0.0,0.00015,1.0,0.0,1.0
1665,0.042,0.009,R6,0.0,0.00015,1.0,0.0,1.0
1666,0.042,0.009,R7,0.0,0.00015,1.0,0.0,1.0
1667,0.042,0.009,R8,0.0,0.00015,1.0,0.0,1.0
1668,0.042,0.009,R9,0.0,0.00015,1.0,0.0,1.0
1669,0.042,0.009,R10,0.0,0.00015,1.0,0.0,1.0
1670,0.042,0.009,R11,0.0,0.00015,1.0,0.0,1.0
1671,0.042,0.009,R12,0.0,0.00015,1.0,0.0,1.0
1672,0.042,0.009,R13,0.0,0.00015,1.0,0.0,1.0
1673,0.042,0.009,R14,0.0,0.00015,1.0,0.0,1.0
1674,0.042,0.009,R15,0.0,0.00015,1.0,0.0,1.0
1675,0.042,0.009,R16,0.0,0.00015,1.0,0.0,1.0
1676,0.042,0.009,R17,0.0,0.00015,1.0,0.0,1.0
1677,0.042,0.009,R18,0.0,0.00015,1.0,0.0,1.0
1678,0.042,0.009,R19,0.0,0.00015,1.0,0.0,1.0
1679,0.042,0.009,R20,0.0,0.00015,1.0,0.0,1.0
1680,0.048,0.0,R0,19997.0,0.00015,1.0,0.0,1.0
1681,0.048,0.0,R1,1.0,0.00015,1.0,0.0,1.0
1682,0.048,0.0,R2,0.0,0.00015,1.0,0.0,1.0
1683,0.048,0.0,R3,0.0,0.00015,1.0,0.0,1.0
1684,0.048,0.0,R4,0.0,0.00015,1.0,0.0,1.0
1685,0.048,0.0,R5,0.0,0.00015,1.0,0.0,1.0
1686,0.048,0.0,R6,0.0,0.00015,1.0,0.0,1.0
1687,0.048,0.0,R7,0.0,0.00015,1.0,0.0,1.0
1688,0.048,0.0,R8,0.0,0.00015,1.0,0.0,1.0
1689,0.048,0.0,R9,0.0,0.00015,1.0,0.0,1.0
1690,0.048,0.0,R10,0.0,0.00015,1.0,0.0,1.0
1691,0.048,0.0,R11,0.0,0.00015,1.0,0.0,1.0
1692,0.048,0.0,R12,0.0,0.00015,1.0,0.0,1.0
1693,0.048,0.0,R13,0.0,0.00015,1.0,0.0,1.0
1694,0.048,0.0,R14,0.0,0.00015,1.0,0.0,1.0
1695,0.048,0.0,R15,0.0,0.00015,1.0,0.0,1.0
1696,0.048,0.0,R16,0.0,0.00015,1.0,0.0,1.0
1697,0.048,0.0,R17,0.0,0.00015,1.0,0.0,1.0
1698,0.048,0.0,R18,0.0,0.00015,1.0,0.0,1.0
1699,0.048,0.0,R19,0.0,0.00015,1.0,0.0,1.0
1700,0.048,0.0,R20,0.0,0.00015,1.0,0.0,1.0
1701,0.048,0.001,R0,19979.0,5.00500500501e-05,1.0,0.0,1.0
1702,0.048,0.001,R1,1.0,5.00500500501e-05,1.0,0.0,1.0
1703,0.048,0.001,R2,0.0,5.00500500501e-05,1.0,0.0,1.0
1704,0.048,0.001,R3,0.0,5.00500500501e-05,1.0,0.0,1.0
1705,0.048,0.001,R4,0.0,5.00500500501e-05,1.0,0.0,1.0
1706,0.048,0.001,R5,0.0,5.00500500501e-05,1.0,0.0,1.0
1707,0.048,0.001,R6,0.0,5.00500500501e-05,1.0,0.0,1.0
1708,0.048,0.001,R7,0.0,5.00500500501e-05,1.0,0.0,1.0
1709,0.048,0.001,R8,0.0,5.00500500501e-05,1.0,0.0,1.0
1710,0.048,0.001,R9,0.0,5.00500500501e-05,1.0,0.0,1.0
1711,0.048,0.001,R10,0.0,5.00500500501e-05,1.0,0.0,1.0
1712,0.048,0.001,R11,0.0,5.00500500501e-05,1.0,0.0,1.0
1713,0.048,0.001,R12,0.0,5.00500500501e-05,1.0,0.0,1.0
1714,0.048,0.001,R13,0.0,5.00500500501e-05,1.0,0.0,1.0
1715,0.048,0.001,R14,0.0,5.00500500501e-05,1.0,0.0,1.0
1716,0.048,0.001,R15,0.0,5.00500500501e-05,1.0,0.0,1.0
1717,0.048,0.001,R16,0.0,5.00500500501e-05,1.0,0.0,1.0
1718,0.048,0.001,R17,0.0,5.00500500501e-05,1.0,0.0,1.0
1719,0.048,0.001,R18,0.0,5.00500500501e-05,1.0,0.0,1.0
1720,0.048,0.001,R19,0.0,5.00500500501e-05,1.0,0.0,1.0
1721,0.048,0.001,R20,0.0,5.00500500501e-05,1.0,0.0,1.0
1722,0.048,0.002,R0,19999.0,5e-05,1.0,0.0,1.0
1723,0.048,0.002,R1,1.0,5e-05,1.0,0.0,1.0
1724,0.048,0.002,R2,0.0,5e-05,1.0,0.0,1.0
1725,0.048,0.002,R3,0.0,5e-05,1.0,0.0,1.0
1726,0.048,0.002,R4,0.0,5e-05,1.0,0.0,1.0
1727,0.048,0.002,R5,0.0,5e-05,1.0,0.0,1.0
1728,0.048,0.002,R6,0.0,5e-05,1.0,0.0,1.0
1729,0.048,0.002,R7,0.0,5e-05,1.0,0.0,1.0
1730,0.048,0.002,R8,0.0,5e-05,1.0,0.0,1.0
1731,0.048,0.002,R9,0.0,5e-05,1.0,0.0,1.0
1732,0.048,0.002,R10,0.0,5e-05,1.0,0.0,1.0
1733,0.048,0.002,R11,0.0,5e-05,1.0,0.0,1.0
1734,0.048,0.002,R12,0.0,5e-05,1.0,0.0,1.0
1735,0.048,0.002,R13,0.0,5e-05,1.0,0.0,1.0
1736,0.048,0.002,R14,0.0,5e-05,1.0,0.0,1.0
1737,0.048,0.002,R15,0.0,5e-05,1.0,0.0,1.0
1738,0.048,0.002,R16,0.0,5e-05,1.0,0.0,1.0
1739,0.048,0.002,R17,0.0,5e-05,1.0,0.0,1.0
1740,0.048,0.002,R18,0.0,5e-05,1.0,0.0,1.0
1741,0.048,0.002,R19,0.0,5e-05,1.0,0.0,1.0
1742,0.048,0.002,R20,0.0,5e-05,1.0,0.0,1.0
1743,0.048,0.003,R0,19998.0,0.0001,1.0,0.0,1.0
1744,0.048,0.003,R1,2.0,0.0001,1.0,0.0,1.0
1745,0.048,0.003,R2,0.0,0.0001,1.0,0.0,1.0
1746,0.048,0.003,R3,0.0,0.0001,1.0,0.0,1.0
1747,0.048,0.003,R4,0.0,0.0001,1.0,0.0,1.0
1748,0.048,0.003,R5,0.0,0.0001,1.0,0.0,1.0
1749,0.048,0.003,R6,0.0,0.0001,1.0,0.0,1.0
1750,0.048,0.003,R7,0.0,0.0001,1.0,0.0,1.0
1751,0.048,0.003,R8,0.0,0.0001,1.0,0.0,1.0
1752,0.048,0.003,R9,0.0,0.0001,1.0,0.0,1.0
1753,0.048,0.003,R10,0.0,0.0001,1.0,0.0,1.0
1754,0.048,0.003,R11,0.0,0.0001,1.0,0.0,1.0
1755,0.048,0.003,R12,0.0,0.0001,1.0,0.0,1.0
1756,0.048,0.003,R13,0.0,0.0001,1.0,0.0,1.0
1757,0.048,0.003,R14,0.0,0.0001,1.0,0.0,1.0
1758,0.048,0.003,R15,0.0,0.0001,1.0,0.0,1.0
1759,0.048,0.003,R16,0.0,0.0001,1.0,0.0,1.0
1760,0.048,0.003,R17,0.0,0.0001,1.0,0.0,1.0
1761,0.048,0.003,R18,0.0,0.0001,1.0,0.0,1.0
1762,0.048,0.003,R19,0.0,0.0001,1.0,0.0,1.0
1763,0.048,0.003,R20,0.0,0.0001,1.0,0.0,1.0
1764,0.048,0.004,R0,19976.0,0.0002002002002,1.0,0.0,1.0
1765,0.048,0.004,R1,4.0,0.0002002002002,1.0,0.0,1.0
1766,0.048,0.004,R2,0.0,0.0002002002002,1.0,0.0,1.0
1767,0.048,0.004,R3,0.0,0.0002002002002,1.0,0.0,1.0
1768,0.048,0.004,R4,0.0,0.0002002002002,1.0,0.0,1.0
1769,0.048,0.004,R5,0.0,0.0002002002002,1.0,0.0,1.0
1770,0.048,0.004,R6,0.0,0.0002002002002,1.0,0.0,1.0
1771,0.048,0.004,R7,0.0,0.0002002002002,1.0,0.0,1.0
1772,0.048,0.004,R8,0.0,0.0002002002002,1.0,0.0,1.0
1773,0.048,0.004,R9,0.0,0.0002002002002,1.0,0.0,1.0
1774,0.048,0.004,R10,0.0,0.0002002002002,1.0,0.0,1.0
1775,0.048,0.004,R11,0.0,0.0002002002002,1.0,0.0,1.0
1776,0.048,0.004,R12,0.0,0.0002002002002,1.0,0.0,1.0
1777,0.048,0.004,R13,0.0,0.0002002002002,1.0,0.0,1.0
1778,0.048,0.004,R14,0.0,0.0002002002002,1.0,0.0,1.0
1779,0.048,0.004,R15,0.0,0.0002002002002,1.0,0.0,1.0
1780,0.048,0.004,R16,0.0,0.0002002002002,1.0,0.0,1.0
1781,0.048,0.004,R17,0.0,0.0002002002002,1.0,0.0,1.0
1782,0.048,0.004,R18,0.0,0.0002002002002,1.0,0.0,1.0
1783,0.048,0.004,R19,0.0,0.0002002002002,1.0,0.0,1.0
1784,0.048,0.004,R20,0.0,0.0002002002002,1.0,0.0,1.0
1785,0.048,0.005,R0,19998.0,0.0001,1.0,0.0,1.0
1786,0.048,0.005,R1,2.0,0.0001,1.0,0.0,1.0
1787,0.048,0.005,R2,0.0,0.0001,1.0,0.0,1.0
1788,0.048,0.005,R3,0.0,0.0001,1.0,0.0,1.0
1789,0.048,0.005,R4,0.0,0.0001,1.0,0.0,1.0
1790,0.048,0.005,R5,0.0,0.0001,1.0,0.0,1.0
1791,0.048,0.005,R6,0.0,0.0001,1.0,0.0,1.0
1792,0.048,0.005,R7,0.0,0.0001,1.0,0.0,1.0
1793,0.048,0.005,R8,0.0,0.0001,1.0,0.0,1.0
1794,0.048,0.005,R9,0.0,0.0001,1.0,0.0,1.0
1795,0.048,0.005,R10,0.0,0.0001,1.0,0.0,1.0
1796,0.048,0.005,R11,0.0,0.0001,1.0,0.0,1.0
1797,0.048,0.005,R12,0.0,0.0001,1.0,0.0,1.0
1798,0.048,0.005,R13,0.0,0.0001,1.0,0.0,1.0
1799,0.048,0.005,R14,0.0,0.0001,1.0,0.0,1.0
1800,0.048,0.005,R15,0.0,0.0001,1.0,0.0,1.0
1801,0.048,0.005,R16,0.0,0.0001,1.0,0.0,1.0
1802,0.048,0.005,R17,0.0,0.0001,1.0,0.0,1.0
1803,0.048,0.005,R18,0.0,0.0001,1.0,0.0,1.0
1804,0.048,0.005,R19,0.0,0.0001,1.0,0.0,1.0
1805,0.048,0.005,R20,0.0,0.0001,1.0,0.0,1.0
1806,0.048,0.006,R0,19956.0,0.000200400801603,1.0,0.0,1.0
1807,0.048,0.006,R1,2.0,0.000200400801603,1.0,0.0,1.0
1808,0.048,0.006,R2,0.0,0.000200400801603,1.0,0.0,1.0
1809,0.048,0.006,R3,0.0,0.000200400801603,1.0,0.0,1.0
1810,0.048,0.006,R4,0.0,0.000200400801603,1.0,0.0,1.0
1811,0.048,0.006,R5,0.0,0.000200400801603,1.0,0.0,1.0
1812,0.048,0.006,R6,0.0,0.000200400801603,1.0,0.0,1.0
1813,0.048,0.006,R7,0.0,0.000200400801603,1.0,0.0,1.0
1814,0.048,0.006,R8,0.0,0.000200400801603,1.0,0.0,1.0
1815,0.048,0.006,R9,0.0,0.000200400801603,1.0,0.0,1.0
1816,0.048,0.006,R10,0.0,0.000200400801603,1.0,0.0,1.0
1817,0.048,0.006,R11,0.0,0.000200400801603,1.0,0.0,1.0
1818,0.048,0.006,R12,0.0,0.000200400801603,1.0,0.0,1.0
1819,0.048,0.006,R13,0.0,0.000200400801603,1.0,0.0,1.0
1820,0.048,0.006,R14,0.0,0.000200400801603,1.0,0.0,1.0
1821,0.048,0.006,R15,0.0,0.000200400801603,1.0,0.0,1.0
1822,0.048,0.006,R16,0.0,0.000200400801603,1.0,0.0,1.0
1823,0.048,0.006,R17,0.0,0.000200400801603,1.0,0.0,1.0
1824,0.048,0.006,R18,0.0,0.000200400801603,1.0,0.0,1.0
1825,0.048,0.006,R19,0.0,0.000200400801603,1.0,0.0,1.0
1826,0.048,0.006,R20,0.0,0.000200400801603,1.0,0.0,1.0
1827,0.048,0.007,R0,19998.0,0.0001,1.0,0.0,1.0
1828,0.048,0.007,R1,2.0,0.0001,1.0,0.0,1.0
1829,0.048,0.007,R2,0.0,0.0001,1.0,0.0,1.0
1830,0.048,0.007,R3,0.0,0.0001,1.0,0.0,1.0
1831,0.048,0.007,R4,0.0,0.0001,1.0,0.0,1.0
1832,0.048,0.007,R5,0.0,0.0001,1.0,0.0,1.0
1833,0.048,0.007,R6,0.0,0.0001,1.0,0.0,1.0
1834,0.048,0.007,R7,0.0,0.0001,1.0,0.0,1.0
1835,0.048,0.007,R8,0.0,0.0001,1.0,0.0,1.0
1836,0.048,0.007,R9,0.0,0.0001,1.0,0.0,1.0
1837,0.048,0.007,R10,0.0,0.0001,1.0,0.0,1.0
1838,0.048,0.007,R11,0.0,0.0001,1.0,0.0,1.0
1839,0.048,0.007,R12,0.0,0.0001,1.0,0.0,1.0
1840,0.048,0.007,R13,0.0,0.0001,1.0,0.0,1.0
1841,0.048,0.007,R14,0.0,0.0001,1.0,0.0,1.0
1842,0.048,0.007,R15,0.0,0.0001,1.0,0.0,1.0
1843,0.048,0.007,R16,0.0,0.0001,1.0,0.0,1.0
1844,0.048,0.007,R17,0.0,0.0001,1.0,0.0,1.0
1845,0.048,0.007,R18,0.0,0.0001,1.0,0.0,1.0
1846,0.048,0.007,R19,0.0,0.0001,1.0,0.0,1.0
1847,0.048,0.007,R20,0.0,0.0001,1.0,0.0,1.0
1848,0.048,0.008,R0,19999.0,5e-05,1.0,0.0,1.0
1849,0.048,0.008,R1,1.0,5e-05,1.0,0.0,1.0
1850,0.048,0.008,R2,0.0,5e-05,1.0,0.0,1.0
1851,0.048,0.008,R3,0.0,5e-05,1.0,0.0,1.0
1852,0.048,0.008,R4,0.0,5e-05,1.0,0.0,1.0
1853,0.048,0.008,R5,0.0,5e-05,1.0,0.0,1.0
1854,0.048,0.008,R6,0.0,5e-05,1.0,0.0,1.0
1855,0.048,0.008,R7,0.0,5e-05,1.0,0.0,1.0
1856,0.048,0.008,R8,0.0,5e-05,1.0,0.0,1.0
1857,0.048,0.008,R9,0.0,5e-05,1.0,0.0,1.0
1858,0.048,0.008,R10,0.0,5e-05,1.0,0.0,1.0
1859,0.048,0.008,R11,0.0,5e-05,1.0,0.0,1.0
1860,0.048,0.008,R12,0.0,5e-05,1.0,0.0,1.0
1861,0.048,0.008,R13,0.0,5e-05,1.0,0.0,1.0
1862,0.048,0.008,R14,0.0,5e-05,1.0,0.0,1.0
1863,0.048,0.008,R15,0.0,5e-05,1.0,0.0,1.0
1864,0.048,0.008,R16,0.0,5e-05,1.0,0.0,1.0
1865,0.048,0.008,R17,0.0,5e-05,1.0,0.0,1.0
1866,0.048,0.008,R18,0.0,5e-05,1.0,0.0,1.0
1867,0.048,0.008,R19,0.0,5e-05,1.0,0.0,1.0
1868,0.048,0.008,R20,0.0,5e-05,1.0,0.0,1.0
1869,0.048,0.009,R0,19999.0,5e-05,1.0,0.0,1.0
1870,0.048,0.009,R1,1.0,5e-05,1.0,0.0,1.0
1871,0.048,0.009,R2,0.0,5e-05,1.0,0.0,1.0
1872,0.048,0.009,R3,0.0,5e-05,1.0,0.0,1.0
1873,0.048,0.009,R4,0.0,5e-05,1.0,0.0,1.0
1874,0.048,0.009,R5,0.0,5e-05,1.0,0.0,1.0
1875,0.048,0.009,R6,0.0,5e-05,1.0,0.0,1.0
1876,0.048,0.009,R7,0.0,5e-05,1.0,0.0,1.0
1877,0.048,0.009,R8,0.0,5e-05,1.0,0.0,1.0
1878,0.048,0.009,R9,0.0,5e-05,1.0,0.0,1.0
1879,0.048,0.009,R10,0.0,5e-05,1.0,0.0,1.0
1880,0.048,0.009,R11,0.0,5e-05,1.0,0.0,1.0
1881,0.048,0.009,R12,0.0,5e-05,1.0,0.0,1.0
1882,0.048,0.009,R13,0.0,5e-05,1.0,0.0,1.0
1883,0.048,0.009,R14,0.0,5e-05,1.0,0.0,1.0
1884,0.048,0.009,R15,0.0,5e-05,1.0,0.0,1.0
1885,0.048,0.009,R16,0.0,5e-05,1.0,0.0,1.0
1886,0.048,0.009,R17,0.0,5e-05,1.0,0.0,1.0
1887,0.048,0.009,R18,0.0,5e-05,1.0,0.0,1.0
1888,0.048,0.009,R19,0.0,5e-05,1.0,0.0,1.0
1889,0.048,0.009,R20,0.0,5e-05,1.0,0.0,1.0
1890,0.054,0.0,R0,19998.0,0.0001,1.0,0.0,1.0
1891,0.054,0.0,R1,2.0,0.0001,1.0,0.0,1.0
1892,0.054,0.0,R2,0.0,0.0001,1.0,0.0,1.0
1893,0.054,0.0,R3,0.0,0.0001,1.0,0.0,1.0
1894,0.054,0.0,R4,0.0,0.0001,1.0,0.0,1.0
1895,0.054,0.0,R5,0.0,0.0001,1.0,0.0,1.0
1896,0.054,0.0,R6,0.0,0.0001,1.0,0.0,1.0
1897,0.054,0.0,R7,0.0,0.0001,1.0,0.0,1.0
1898,0.054,0.0,R8,0.0,0.0001,1.0,0.0,1.0
1899,0.054,0.0,R9,0.0,0.0001,1.0,0.0,1.0
1900,0.054,0.0,R10,0.0,0.0001,1.0,0.0,1.0
1901,0.054,0.0,R11,0.0,0.0001,1.0,0.0,1.0
1902,0.054,0.0,R12,0.0,0.0001,1.0,0.0,1.0
1903,0.054,0.0,R13,0.0,0.0001,1.0,0.0,1.0
1904,0.054,0.0,R14,0.0,0.0001,1.0,0.0,1.0
1905,0.054,0.0,R15,0.0,0.0001,1.0,0.0,1.0
1906,0.054,0.0,R16,0.0,0.0001,1.0,0.0,1.0
1907,0.054,0.0,R17,0.0,0.0001,1.0,0.0,1.0
1908,0.054,0.0,R18,0.0,0.0001,1.0,0.0,1.0
1909,0.054,0.0,R19,0.0,0.0001,1.0,0.0,1.0
1910,0.054,0.0,R20,0.0,0.0001,1.0,0.0,1.0
1911,0.054,0.001,R0,19979.0,5.00500500501e-05,1.0,0.0,1.0
1912,0.054,0.001,R1,1.0,5.00500500501e-05,1.0,0.0,1.0
1913,0.054,0.001,R2,0.0,5.00500500501e-05,1.0,0.0,1.0
1914,0.054,0.001,R3,0.0,5.00500500501e-05,1.0,0.0,1.0
1915,0.054,0.001,R4,0.0,5.00500500501e-05,1.0,0.0,1.0
1916,0.054,0.001,R5,0.0,5.00500500501e-05,1.0,0.0,1.0
1917,0.054,0.001,R6,0.0,5.00500500501e-05,1.0,0.0,1.0
1918,0.054,0.001,R7,0.0,5.00500500501e-05,1.0,0.0,1.0
1919,0.054,0.001,R8,0.0,5.00500500501e-05,1.0,0.0,1.0
1920,0.054,0.001,R9,0.0,5.00500500501e-05,1.0,0.0,1.0
1921,0.054,0.001,R10,0.0,5.00500500501e-05,1.0,0.0,1.0
1922,0.054,0.001,R11,0.0,5.00500500501e-05,1.0,0.0,1.0
1923,0.054,0.001,R12,0.0,5.00500500501e-05,1.0,0.0,1.0
1924,0.054,0.001,R13,0.0,5.00500500501e-05,1.0,0.0,1.0
1925,0.054,0.001,R14,0.0,5.00500500501e-05,1.0,0.0,1.0
1926,0.054,0.001,R15,0.0,5.00500500501e-05,1.0,0.0,1.0
1927,0.054,0.001,R16,0.0,5.00500500501e-05,1.0,0.0,1.0
1928,0.054,0.001,R17,0.0,5.00500500501e-05,1.0,0.0,1.0
1929,0.054,0.001,R18,0.0,5.00500500501e-05,1.0,0.0,1.0
1930,0.054,0.001,R19,0.0,5.00500500501e-05,1.0,0.0,1.0
1931,0.054,0.001,R20,0.0,5.00500500501e-05,1.0,0.0,1.0
1932,0.054,0.002,R0,19958.0,0.000100200400802,1.0,0.0,1.0
1933,0.054,0.002,R1,2.0,0.000100200400802,1.0,0.0,1.0
1934,0.054,0.002,R2,0.0,0.000100200400802,1.0,0.0,1.0
1935,0.054,0.002,R3,0.0,0.000100200400802,1.0,0.0,1.0
1936,0.054,0.002,R4,0.0,0.000100200400802,1.0,0.0,1.0
1937,0.054,0.002,R5,0.0,0.000100200400802,1.0,0.0,1.0
1938,0.054,0.002,R6,0.0,0.000100200400802,1.0,0.0,1.0
1939,0.054,0.002,R7,0.0,0.000100200400802,1.0,0.0,1.0
1940,0.054,0.002,R8,0.0,0.000100200400802,1.0,0.0,1.0
1941,0.054,0.002,R9,0.0,0.000100200400802,1.0,0.0,1.0
1942,0.054,0.002,R10,0.0,0.000100200400802,1.0,0.0,1.0
1943,0.054,0.002,R11,0.0,0.000100200400802,1.0,0.0,1.0
1944,0.054,0.002,R12,0.0,0.000100200400802,1.0,0.0,1.0
1945,0.054,0.002,R13,0.0,0.000100200400802,1.0,0.0,1.0
1946,0.054,0.002,R14,0.0,0.000100200400802,1.0,0.0,1.0
1947,0.054,0.002,R15,0.0,0.000100200400802,1.0,0.0,1.0
1948,0.054,0.002,R16,0.0,0.000100200400802,1.0,0.0,1.0
1949,0.054,0.002,R17,0.0,0.000100200400802,1.0,0.0,1.0
1950,0.054,0.002,R18,0.0,0.000100200400802,1.0,0.0,1.0
1951,0.054,0.002,R19,0.0,0.000100200400802,1.0,0.0,1.0
1952,0.054,0.002,R20,0.0,0.000100200400802,1.0,0.0,1.0
1953,0.054,0.003,R0,19999.0,5e-05,1.0,0.0,1.0
1954,0.054,0.003,R1,1.0,5e-05,1.0,0.0,1.0
1955,0.054,0.003,R2,0.0,5e-05,1.0,0.0,1.0
1956,0.054,0.003,R3,0.0,5e-05,1.0,0.0,1.0
1957,0.054,0.003,R4,0.0,5e-05,1.0,0.0,1.0
1958,0.054,0.003,R5,0.0,5e-05,1.0,0.0,1.0
1959,0.054,0.003,R6,0.0,5e-05,1.0,0.0,1.0
1960,0.054,0.003,R7,0.0,5e-05,1.0,0.0,1.0
1961,0.054,0.003,R8,0.0,5e-05,1.0,0.0,1.0
1962,0.054,0.003,R9,0.0,5e-05,1.0,0.0,1.0
1963,0.054,0.003,R10,0.0,5e-05,1.0,0.0,1.0
1964,0.054,0.003,R11,0.0,5e-05,1.0,0.0,1.0
1965,0.054,0.003,R12,0.0,5e-05,1.0,0.0,1.0
1966,0.054,0.003,R13,0.0,5e-05,1.0,0.0,1.0
1967,0.054,0.003,R14,0.0,5e-05,1.0,0.0,1.0
1968,0.054,0.003,R15,0.0,5e-05,1.0,0.0,1.0
1969,0.054,0.003,R16,0.0,5e-05,1.0,0.0,1.0
1970,0.054,0.003,R17,0.0,5e-05,1.0,0.0,1.0
1971,0.054,0.003,R18,0.0,5e-05,1.0,0.0,1.0
1972,0.054,0.003,R19,0.0,5e-05,1.0,0.0,1.0
1973,0.054,0.003,R20,0.0,5e-05,1.0,0.0,1.0
1974,0.054,0.004,R0,19998.0,0.0001,1.0,0.0,1.0
1975,0.054,0.004,R1,2.0,0.0001,1.0,0.0,1.0
1976,0.054,0.004,R2,0.0,0.0001,1.0,0.0,1.0
1977,0.054,0.004,R3,0.0,0.0001,1.0,0.0,1.0
1978,0.054,0.004,R4,0.0,0.0001,1.0,0.0,1.0
1979,0.054,0.004,R5,0.0,0.0001,1.0,0.0,1.0
1980,0.054,0.004,R6,0.0,0.0001,1.0,0.0,1.0
1981,0.054,0.004,R7,0.0,0.0001,1.0,0.0,1.0
1982,0.054,0.004,R8,0.0,0.0001,1.0,0.0,1.0
1983,0.054,0.004,R9,0.0,0.0001,1.0,0.0,1.0
1984,0.054,0.004,R10,0.0,0.0001,1.0,0.0,1.0
1985,0.054,0.004,R11,0.0,0.0001,1.0,0.0,1.0
1986,0.054,0.004,R12,0.0,0.0001,1.0,0.0,1.0
1987,0.054,0.004,R13,0.0,0.0001,1.0,0.0,1.0
1988,0.054,0.004,R14,0.0,0.0001,1.0,0.0,1.0
1989,0.054,0.004,R15,0.0,0.0001,1.0,0.0,1.0
1990,0.054,0.004,R16,0.0,0.0001,1.0,0.0,1.0
1991,0.054,0.004,R17,0.0,0.0001,1.0,0.0,1.0
1992,0.054,0.004,R18,0.0,0.0001,1.0,0.0,1.0
1993,0.054,0.004,R19,0.0,0.0001,1.0,0.0,1.0
1994,0.054,0.004,R20,0.0,0.0001,1.0,0.0,1.0
1995,0.054,0.005,R0,19997.0,0.00015,1.0,0.0,1.0
1996,0.054,0.005,R1,3.0,0.00015,1.0,0.0,1.0
1997,0.054,0.005,R2,0.0,0.00015,1.0,0.0,1.0
1998,0.054,0.005,R3,0.0,0.00015,1.0,0.0,1.0
1999,0.054,0.005,R4,0.0,0.00015,1.0,0.0,1.0
2000,0.054,0.005,R5,0.0,0.00015,1.0,0.0,1.0
2001,0.054,0.005,R6,0.0,0.00015,1.0,0.0,1.0
2002,0.054,0.005,R7,0.0,0.00015,1.0,0.0,1.0
2003,0.054,0.005,R8,0.0,0.00015,1.0,0.0,1.0
2004,0.054,0.005,R9,0.0,0.00015,1.0,0.0,1.0
2005,0.054,0.005,R10,0.0,0.00015,1.0,0.0,1.0
2006,0.054,0.005,R11,0.0,0.00015,1.0,0.0,1.0
2007,0.054,0.005,R12,0.0,0.00015,1.0,0.0,1.0
2008,0.054,0.005,R13,0.0,0.00015,1.0,0.0,1.0
2009,0.054,0.005,R14,0.0,0.00015,1.0,0.0,1.0
2010,0.054,0.005,R15,0.0,0.00015,1.0,0.0,1.0
2011,0.054,0.005,R16,0.0,0.00015,1.0,0.0,1.0
2012,0.054,0.005,R17,0.0,0.00015,1.0,0.0,1.0
2013,0.054,0.005,R18,0.0,0.00015,1.0,0.0,1.0
2014,0.054,0.005,R19,0.0,0.00015,1.0,0.0,1.0
2015,0.054,0.005,R20,0.0,0.00015,1.0,0.0,1.0
2016,0.054,0.006,R0,19999.0,5e-05,1.0,0.0,1.0
2017,0.054,0.006,R1,1.0,5e-05,1.0,0.0,1.0
2018,0.054,0.006,R2,0.0,5e-05,1.0,0.0,1.0
2019,0.054,0.006,R3,0.0,5e-05,1.0,0.0,1.0
2020,0.054,0.006,R4,0.0,5e-05,1.0,0.0,1.0
2021,0.054,0.006,R5,0.0,5e-05,1.0,0.0,1.0
2022,0.054,0.006,R6,0.0,5e-05,1.0,0.0,1.0
2023,0.054,0.006,R7,0.0,5e-05,1.0,0.0,1.0
2024,0.054,0.006,R8,0.0,5e-05,1.0,0.0,1.0
2025,0.054,0.006,R9,0.0,5e-05,1.0,0.0,1.0
2026,0.054,0.006,R10,0.0,5e-05,1.0,0.0,1.0
2027,0.054,0.006,R11,0.0,5e-05,1.0,0.0,1.0
2028,0.054,0.006,R12,0.0,5e-05,1.0,0.0,1.0
2029,0.054,0.006,R13,0.0,5e-05,1.0,0.0,1.0
2030,0.054,0.006,R14,0.0,5e-05,1.0,0.0,1.0
2031,0.054,0.006,R15,0.0,5e-05,1.0,0.0,1.0
2032,0.054,0.006,R16,0.0,5e-05,1.0,0.0,1.0
2033,0.054,0.006,R17,0.0,5e-05,1.0,0.0,1.0
2034,0.054,0.006,R18,0.0,5e-05,1.0,0.0,1.0
2035,0.054,0.006,R19,0.0,5e-05,1.0,0.0,1.0
2036,0.054,0.006,R20,0.0,5e-05,1.0,0.0,1.0
2037,0.054,0.007,R0,19958.0,0.000100200400802,1.0,0.0,1.0
2038,0.054,0.007,R1,2.0,0.000100200400802,1.0,0.0,1.0
2039,0.054,0.007,R2,0.0,0.000100200400802,1.0,0.0,1.0
2040,0.054,0.007,R3,0.0,0.000100200400802,1.0,0.0,1.0
2041,0.054,0.007,R4,0.0,0.000100200400802,1.0,0.0,1.0
2042,0.054,0.007,R5,0.0,0.000100200400802,1.0,0.0,1.0
2043,0.054,0.007,R6,0.0,0.000100200400802,1.0,0.0,1.0
2044,0.054,0.007,R7,0.0,0.000100200400802,1.0,0.0,1.0
2045,0.054,0.007,R8,0.0,0.000100200400802,1.0,0.0,1.0
2046,0.054,0.007,R9,0.0,0.000100200400802,1.0,0.0,1.0
2047,0.054,0.007,R10,0.0,0.000100200400802,1.0,0.0,1.0
2048,0.054,0.007,R11,0.0,0.000100200400802,1.0,0.0,1.0
2049,0.054,0.007,R12,0.0,0.000100200400802,1.0,0.0,1.0
2050,0.054,0.007,R13,0.0,0.000100200400802,1.0,0.0,1.0
2051,0.054,0.007,R14,0.0,0.000100200400802,1.0,0.0,1.0
2052,0.054,0.007,R15,0.0,0.000100200400802,1.0,0.0,1.0
2053,0.054,0.007,R16,0.0,0.000100200400802,1.0,0.0,1.0
2054,0.054,0.007,R17,0.0,0.000100200400802,1.0,0.0,1.0
2055,0.054,0.007,R18,0.0,0.000100200400802,1.0,0.0,1.0
2056,0.054,0.007,R19,0.0,0.000100200400802,1.0,0.0,1.0
2057,0.054,0.007,R20,0.0,0.000100200400802,1.0,0.0,1.0
2058,0.054,0.008,R0,19997.0,0.00015,1.0,0.0,1.0
2059,0.054,0.008,R1,3.0,0.00015,1.0,0.0,1.0
2060,0.054,0.008,R2,0.0,0.00015,1.0,0.0,1.0
2061,0.054,0.008,R3,0.0,0.00015,1.0,0.0,1.0
2062,0.054,0.008,R4,0.0,0.00015,1.0,0.0,1.0
2063,0.054,0.008,R5,0.0,0.00015,1.0,0.0,1.0
2064,0.054,0.008,R6,0.0,0.00015,1.0,0.0,1.0
2065,0.054,0.008,R7,0.0,0.00015,1.0,0.0,1.0
2066,0.054,0.008,R8,0.0,0.00015,1.0,0.0,1.0
2067,0.054,0.008,R9,0.0,0.00015,1.0,0.0,1.0
2068,0.054,0.008,R10,0.0,0.00015,1.0,0.0,1.0
2069,0.054,0.008,R11,0.0,0.00015,1.0,0.0,1.0
2070,0.054,0.008,R12,0.0,0.00015,1.0,0.0,1.0
2071,0.054,0.008,R13,0.0,0.00015,1.0,0.0,1.0
2072,0.054,0.008,R14,0.0,0.00015,1.0,0.0,1.0
2073,0.054,0.008,R15,0.0,0.00015,1.0,0.0,1.0
2074,0.054,0.008,R16,0.0,0.00015,1.0,0.0,1.0
2075,0.054,0.008,R17,0.0,0.00015,1.0,0.0,1.0
2076,0.054,0.008,R18,0.0,0.00015,1.0,0.0,1.0
2077,0.054,0.008,R19,0.0,0.00015,1.0,0.0,1.0
2078,0.054,0.008,R20,0.0,0.00015,1.0,0.0,1.0
2079,0.054,0.009,R0,19997.0,0.00015,1.0,0.0,1.0
2080,0.054,0.009,R1,3.0,0.00015,1.0,0.0,1.0
2081,0.054,0.009,R2,0.0,0.00015,1.0,0.0,1.0
2082,0.054,0.009,R3,0.0,0.00015,1.0,0.0,1.0
2083,0.054,0.009,R4,0.0,0.00015,1.0,0.0,1.0
2084,0.054,0.009,R5,0.0,0.00015,1.0,0.0,1.0
2085,0.054,0.009,R6,0.0,0.00015,1.0,0.0,1.0
2086,0.054,0.009,R7,0.0,0.00015,1.0,0.0,1.0
2087,0.054,0.009,R8,0.0,0.00015,1.0,0.0,1.0
2088,0.054,0.009,R9,0.0,0.00015,1.0,0.0,1.0
2089,0.054,0.009,R10,0.0,0.00015,1.0,0.0,1.0
2090,0.054,0.009,R11,0.0,0.00015,1.0,0.0,1.0
2091,0.054,0.009,R12,0.0,0.00015,1.0,0.0,1.0
2092,0.054,0.009,R13,0.0,0.00015,1.0,0.0,1.0
2093,0.054,0.009,R14,0.0,0.00015,1.0,0.0,1.0
2094,0.054,0.009,R15,0.0,0.00015,1.0,0.0,1.0
2095,0.054,0.009,R16,0.0,0.00015,1.0,0.0,1.0
2096,0.054,0.009,R17,0.0,0.00015,1.0,0.0,1.0
2097,0.054,0.009,R18,0.0,0.00015,1.0,0.0,1.0
2098,0.054,0.009,R19,0.0,0.00015,1.0,0.0,1.0
2099,0.054,0.009,R20,0.0,0.00015,1.0,0.0,1.0
