,time,mig,fst
0,20,0.0,-0.0127234460364
1,20,0.0,-0.000451539200424
2,20,0.0,-0.0104004807767
3,20,0.0,0.0141786922371
4,20,0.0,-0.00511298256893
5,20,0.0,-0.0102269291408
6,20,0.0,0.000313766427115
7,20,0.0,-0.0124542415644
8,20,0.0,0.0034072721898
9,20,0.0,0.0160141927309
10,20,0.0,-0.00324908159373
11,20,0.0,-0.00222578396646
12,20,0.0,0.0143488159669
13,20,0.0,0.0138869564578
14,20,0.0,-0.00130738109161
15,20,0.0,2.50844033832e-05
16,20,0.0,0.0103171063331
17,20,0.0,-0.00783267430558
18,20,0.0,-0.00994524611353
19,20,0.0,0.000608014773217
20,20,0.0,-0.0185534866972
21,20,0.0,0.0030225530137
22,20,0.0,-0.00943292636065
23,20,0.0,-0.00920617411424
24,20,0.0,0.0204789492473
25,20,0.0,0.00348248149159
26,20,0.0,-0.00157521628692
27,20,0.0,-0.00122549619758
28,20,0.0,-0.00387344769189
29,20,0.0,-0.0100655318688
30,20,0.0,-0.003119694315
31,20,0.0,-0.0212383127506
32,20,0.0,0.0277091098639
33,20,0.0,-0.0123894548536
34,20,0.0,-0.0057938992109
35,20,0.0,0.00555724547543
36,20,0.0,0.0191161920717
37,20,0.0,0.0010768388631
38,20,0.0,0.0162812049159
39,20,0.0,0.000666144665741
40,20,0.0,-0.00685263916582
41,20,0.0,0.0173921579864
42,20,0.0,0.0146013682226
43,20,0.0,-0.00316072717813
44,20,0.0,-0.0047505062803
45,20,0.0,-0.0149153471739
46,20,0.0,0.00707363078845
47,20,0.0,0.017135369863
48,20,0.0,0.0180190968566
49,20,0.0,0.0103357830801
50,20,0.0,-0.0140335211882
51,20,0.0,0.00310444590359
52,20,0.0,-0.00464173854739
53,20,0.0,-0.00430489200481
54,20,0.0,0.00545104897737
55,20,0.0,-0.00541034703777
56,20,0.0,-0.0112603221801
57,20,0.0,-0.00198107069867
58,20,0.0,-0.00260132759127
59,20,0.0,-0.00369481171025
60,20,0.0,-0.00458834076774
61,20,0.0,-0.00569880125
62,20,0.0,0.000567476226527
63,20,0.0,-0.00348468540639
64,20,0.0,-0.00881697514846
65,20,0.0,0.00135943739638
66,20,0.0,-0.011236293431
67,20,0.0,-0.0161744655518
68,20,0.0,0.0289742799358
69,20,0.0,-0.0135908097329
70,20,0.0,-0.00589434383422
71,20,0.0,0.00499719165272
72,20,0.0,-0.00942364909598
73,20,0.0,0.0014183037809
74,20,0.0,0.0135440865689
75,20,0.0,-0.0124872946488
76,20,0.0,0.0122647981305
77,20,0.0,0.0121106772151
78,20,0.0,-0.00784914187636
79,20,0.0,-0.00983006646584
80,20,0.0,-0.0060508232896
81,20,0.0,-0.00658763330353
82,20,0.0,0.0033958489609
83,20,0.0,-0.00400244875876
84,20,0.0,0.00108573238566
85,20,0.0,-0.00318981957257
86,20,0.0,-0.00225757425826
87,20,0.0,0.0109125257955
88,20,0.0,-0.0110465560395
89,20,0.0,-0.00363872524629
90,20,0.0,-0.00369102459413
91,20,0.0,-0.00552670277029
92,20,0.0,0.00197179176024
93,20,0.0,0.0010050423376
94,20,0.0,0.000497025841328
95,20,0.0,-0.00618948540885
96,20,0.0,0.0028339927694
97,20,0.0,-0.00648737714229
98,20,0.0,-0.00550359778221
99,20,0.0,0.00287505327697
100,50,0.0,-0.0094452502094
101,50,0.0,-0.00762516238684
102,50,0.0,0.00722635577713
103,50,0.0,0.00578180616619
104,50,0.0,-0.0148951770924
105,50,0.0,-0.0121295133849
106,50,0.0,-0.0141954755622
107,50,0.0,-0.0116476262025
108,50,0.0,-0.00803984344847
109,50,0.0,-0.0161951728992
110,50,0.0,-0.00550174399876
111,50,0.0,0.00689090269071
112,50,0.0,-0.0156737588406
113,50,0.0,-0.00328433300115
114,50,0.0,-0.00526426004972
115,50,0.0,-0.00711862466868
116,50,0.0,-0.00181720622228
117,50,0.0,-0.000505125654145
118,50,0.0,-0.0114854857844
119,50,0.0,-0.00620617547361
120,50,0.0,-0.00553175309596
121,50,0.0,-0.00882666812398
122,50,0.0,-0.000206980918366
123,50,0.0,0.000734082766974
124,50,0.0,0.022099884495
125,50,0.0,0.000632442403126
126,50,0.0,0.00572384958657
127,50,0.0,-0.0101699387707
128,50,0.0,-0.00797101482247
129,50,0.0,0.00471073520224
130,50,0.0,-0.011896903675
131,50,0.0,-0.00473749510537
132,50,0.0,-0.0113296494289
133,50,0.0,0.00147660669974
134,50,0.0,-0.000953031657179
135,50,0.0,-0.00800534397971
136,50,0.0,0.00183809601031
137,50,0.0,0.00722797693033
138,50,0.0,0.00211236899512
139,50,0.0,0.00815398459107
140,50,0.0,-0.00686742793207
141,50,0.0,0.00802422421308
142,50,0.0,0.0075958587743
143,50,0.0,-0.00481234913612
144,50,0.0,0.0171138862018
145,50,0.0,0.0204502634067
146,50,0.0,-0.00450729764667
147,50,0.0,0.0193985211049
148,50,0.0,0.0263029727276
149,50,0.0,-0.00454265514142
150,50,0.0,0.0176264596711
151,50,0.0,-0.00345958139906
152,50,0.0,-0.00384091051457
153,50,0.0,-0.0170144310038
154,50,0.0,0.00698398445149
155,50,0.0,0.00117632436789
156,50,0.0,-0.000109993638642
157,50,0.0,0.00102400757262
158,50,0.0,-0.00336066075733
159,50,0.0,-0.0110892164502
160,50,0.0,0.00263329704568
161,50,0.0,0.00588436164541
162,50,0.0,-0.00908534513612
163,50,0.0,-0.00600077737537
164,50,0.0,0.00246239570951
165,50,0.0,0.00929115387382
166,50,0.0,0.0137726867934
167,50,0.0,-0.002794067171
168,50,0.0,-0.00886527816082
169,50,0.0,4.70875965231e-05
170,50,0.0,-0.00137573936193
171,50,0.0,0.00556672310226
172,50,0.0,0.00211781096097
173,50,0.0,0.00994443079006
174,50,0.0,0.010900147436
175,50,0.0,-0.0103124450299
176,50,0.0,-0.0055553056977
177,50,0.0,-0.00695256075347
178,50,0.0,0.0057740816253
179,50,0.0,-0.00635709654541
180,50,0.0,0.00244550969913
181,50,0.0,0.00350176257362
182,50,0.0,0.00285606625591
183,50,0.0,0.00155704487297
184,50,0.0,8.32761945044e-05
185,50,0.0,-0.00213064838471
186,50,0.0,0.0188221356007
187,50,0.0,0.0170175787984
188,50,0.0,-0.00378233124281
189,50,0.0,-0.00986550161167
190,50,0.0,-0.00502988352895
191,50,0.0,0.00523005162985
192,50,0.0,0.00586357067003
193,50,0.0,0.00955417710214
194,50,0.0,-0.0134347077346
195,50,0.0,0.00553131237886
196,50,0.0,-0.0131080754232
197,50,0.0,0.00803121751232
198,50,0.0,0.00600551514173
199,50,0.0,-0.00821713111944
200,100,0.0,0.0218961013335
201,100,0.0,0.0159298910814
202,100,0.0,-0.0201598678194
203,100,0.0,-0.00299781224146
204,100,0.0,-0.0103817033987
205,100,0.0,-0.00302504527943
206,100,0.0,-0.00297428624062
207,100,0.0,-0.00959284468112
208,100,0.0,0.00610103141388
209,100,0.0,0.00579776139961
210,100,0.0,0.0117537055435
211,100,0.0,-0.00331192165971
212,100,0.0,0.00491535397825
213,100,0.0,-0.0048366785637
214,100,0.0,-0.0043873652261
215,100,0.0,0.00860722981826
216,100,0.0,0.000296337578066
217,100,0.0,-0.0173316399114
218,100,0.0,-0.00433378015233
219,100,0.0,0.00338786624561
220,100,0.0,0.0037586583704
221,100,0.0,0.00950914316891
222,100,0.0,0.00368004121333
223,100,0.0,-0.021246749289
224,100,0.0,-0.0136872857024
225,100,0.0,-0.000792327323522
226,100,0.0,-0.00126664993811
227,100,0.0,0.000413750855507
228,100,0.0,0.0124739135257
229,100,0.0,-0.0072777411929
230,100,0.0,0.000237405385802
231,100,0.0,-0.00609227650234
232,100,0.0,0.001135820302
233,100,0.0,0.00957666851034
234,100,0.0,0.00239365846723
235,100,0.0,0.00830746612234
236,100,0.0,0.00257101795372
237,100,0.0,0.0561912979407
238,100,0.0,0.00319797010732
239,100,0.0,0.0223728247205
240,100,0.0,-0.000315574518233
241,100,0.0,0.00774063287833
242,100,0.0,0.00573945726357
243,100,0.0,-0.00507322327219
244,100,0.0,0.00428524718438
245,100,0.0,0.0205376440595
246,100,0.0,-0.0118929826611
247,100,0.0,0.00130486151345
248,100,0.0,0.0131674917088
249,100,0.0,0.00309584218748
250,100,0.0,0.0101730858615
251,100,0.0,0.00922665733078
252,100,0.0,-0.00177090838546
253,100,0.0,0.0095984248871
254,100,0.0,-0.000294525510188
255,100,0.0,-0.00989479597878
256,100,0.0,0.00939730824155
257,100,0.0,-0.00639936222378
258,100,0.0,0.00145730419671
259,100,0.0,0.0100963531163
260,100,0.0,0.0097152314635
261,100,0.0,-0.0104582541215
262,100,0.0,0.0141316793975
263,100,0.0,-0.0137472607992
264,100,0.0,-0.00851585973915
265,100,0.0,0.0134982507736
266,100,0.0,0.00896528615381
267,100,0.0,0.00649346722173
268,100,0.0,-0.0155579727645
269,100,0.0,-0.013983755275
270,100,0.0,0.0175609773267
271,100,0.0,0.00162243043809
272,100,0.0,-0.00267670209253
273,100,0.0,-0.0207420616954
274,100,0.0,-0.00553472802119
275,100,0.0,-0.00389563919283
276,100,0.0,0.00755408089789
277,100,0.0,0.00424184556523
278,100,0.0,0.0112187848375
279,100,0.0,0.000203569785569
280,100,0.0,-0.0141773506712
281,100,0.0,0.00102325612589
282,100,0.0,0.018005818835
283,100,0.0,0.0317046705552
284,100,0.0,-0.00396590882969
285,100,0.0,0.00972579831685
286,100,0.0,0.00514924700055
287,100,0.0,0.00910714339037
288,100,0.0,-0.00566907072386
289,100,0.0,-0.00328769174965
290,100,0.0,0.00911504376122
291,100,0.0,-0.0023362531965
292,100,0.0,0.00654487975932
293,100,0.0,0.00718853371764
294,100,0.0,0.00520334474263
295,100,0.0,-0.00782946121801
296,100,0.0,0.00973736197844
297,100,0.0,-0.000443597816158
298,100,0.0,-0.0164013809758
299,100,0.0,0.011086983467
300,20,0.0001,-0.00776240109841
301,20,0.0001,0.0101320412102
302,20,0.0001,0.00512917868192
303,20,0.0001,-0.00358317098041
304,20,0.0001,-0.0106331855244
305,20,0.0001,-0.00864120553974
306,20,0.0001,0.0125388869663
307,20,0.0001,0.00100920086975
308,20,0.0001,0.0165380407545
309,20,0.0001,0.0117672046508
310,20,0.0001,0.00868186039864
311,20,0.0001,-0.00408996724081
312,20,0.0001,-0.00261437478015
313,20,0.0001,0.000769651462176
314,20,0.0001,0.00637048201277
315,20,0.0001,0.00806860582968
316,20,0.0001,-0.0130514827694
317,20,0.0001,-0.0086902288215
318,20,0.0001,0.0260255316031
319,20,0.0001,-0.00717345466837
320,20,0.0001,0.00904970588011
321,20,0.0001,-0.00298316141861
322,20,0.0001,-0.00834672706601
323,20,0.0001,0.00112049378621
324,20,0.0001,-0.0150534694606
325,20,0.0001,0.0112881004857
326,20,0.0001,-0.00429775939327
327,20,0.0001,0.00785917353688
328,20,0.0001,-0.012853008829
329,20,0.0001,-0.00658737101893
330,20,0.0001,-0.00333257283716
331,20,0.0001,0.00309438459536
332,20,0.0001,-0.0074475639799
333,20,0.0001,0.00287596084318
334,20,0.0001,0.012912710793
335,20,0.0001,0.015893328892
336,20,0.0001,-0.0151829801644
337,20,0.0001,-0.00199158091446
338,20,0.0001,0.00530342586519
339,20,0.0001,0.00482992501085
340,20,0.0001,0.0143593869709
341,20,0.0001,-0.000550674366881
342,20,0.0001,-0.013634783336
343,20,0.0001,0.012133798097
344,20,0.0001,0.00908912718861
345,20,0.0001,-0.0140520977143
346,20,0.0001,0.00210991234558
347,20,0.0001,-0.00603690396432
348,20,0.0001,0.00997759213808
349,20,0.0001,-0.00400592928585
350,20,0.0001,-0.00511725989171
351,20,0.0001,-0.00478865574835
352,20,0.0001,0.000308785198892
353,20,0.0001,0.0131113824762
354,20,0.0001,-0.00333813690359
355,20,0.0001,0.00862770128125
356,20,0.0001,0.00417768958525
357,20,0.0001,0.00312824382632
358,20,0.0001,0.0127932020772
359,20,0.0001,-0.00183990362785
360,20,0.0001,0.00158141302064
361,20,0.0001,0.0126615758883
362,20,0.0001,0.00748437086101
363,20,0.0001,0.0050464297989
364,20,0.0001,-0.00494664441229
365,20,0.0001,-0.0170941819367
366,20,0.0001,0.00819183207587
367,20,0.0001,-0.00440781021153
368,20,0.0001,0.000106749111125
369,20,0.0001,-0.00335664986457
370,20,0.0001,0.0031553780997
371,20,0.0001,0.0126349352132
372,20,0.0001,-0.00120970730247
373,20,0.0001,-0.0110513422689
374,20,0.0001,0.0154509231393
375,20,0.0001,0.0103586943155
376,20,0.0001,-0.00680928927628
377,20,0.0001,-0.0129821051615
378,20,0.0001,-0.0072040386304
379,20,0.0001,-0.0123864756808
380,20,0.0001,-0.00792444555542
381,20,0.0001,0.00481528312176
382,20,0.0001,0.00473684053278
383,20,0.0001,-0.011799394781
384,20,0.0001,-0.00236289123463
385,20,0.0001,-0.00582818685275
386,20,0.0001,-0.00116316331464
387,20,0.0001,0.0147104968698
388,20,0.0001,-0.000457230502282
389,20,0.0001,-0.0173713020499
390,20,0.0001,0.00114428022376
391,20,0.0001,-0.0154134872882
392,20,0.0001,-0.00484722123272
393,20,0.0001,-0.00498402629477
394,20,0.0001,-0.00235733444034
395,20,0.0001,-0.000840566344909
396,20,0.0001,0.039988955404
397,20,0.0001,0.0090622456218
398,20,0.0001,0.0171164652976
399,20,0.0001,0.00719156152478
400,50,0.0001,-0.00361776654863
401,50,0.0001,-0.0037730933512
402,50,0.0001,-0.00564537467619
403,50,0.0001,-0.00283089538978
404,50,0.0001,-0.0100246802536
405,50,0.0001,-0.00382925364781
406,50,0.0001,0.0137686115397
407,50,0.0001,-0.00658391986164
408,50,0.0001,0.00405708768293
409,50,0.0001,0.0020900306672
410,50,0.0001,0.00962068418985
411,50,0.0001,0.0403461744579
412,50,0.0001,-0.00457383499555
413,50,0.0001,-0.00360981260063
414,50,0.0001,-0.00524755403116
415,50,0.0001,-0.0021011360822
416,50,0.0001,-0.00280922279535
417,50,0.0001,0.0240931344439
418,50,0.0001,0.00122603505161
419,50,0.0001,0.00863181393346
420,50,0.0001,0.0290192545125
421,50,0.0001,-0.00660078646477
422,50,0.0001,-0.0119088505795
423,50,0.0001,-0.0111246304409
424,50,0.0001,-0.00546101242646
425,50,0.0001,-0.00966346212646
426,50,0.0001,0.00416532431046
427,50,0.0001,0.00436717706857
428,50,0.0001,0.00833463506284
429,50,0.0001,-0.0102622153175
430,50,0.0001,-0.0121821146108
431,50,0.0001,0.0111565206279
432,50,0.0001,-0.00131572933
433,50,0.0001,-0.00356978407335
434,50,0.0001,0.0181316879992
435,50,0.0001,0.018070525232
436,50,0.0001,7.77407623088e-05
437,50,0.0001,0.00977996247151
438,50,0.0001,-0.00350762555578
439,50,0.0001,-0.00687694444693
440,50,0.0001,-0.00324048108347
441,50,0.0001,-0.00792551445695
442,50,0.0001,0.00664073618512
443,50,0.0001,-0.00863916290311
444,50,0.0001,-0.0151690003051
445,50,0.0001,-0.000514511712167
446,50,0.0001,0.0190464434005
447,50,0.0001,0.00682762589382
448,50,0.0001,-0.00957107352485
449,50,0.0001,-0.0127968160192
450,50,0.0001,0.0230223948797
451,50,0.0001,-0.00362825882064
452,50,0.0001,-0.00433327469361
453,50,0.0001,-0.000841110561281
454,50,0.0001,0.00189225917252
455,50,0.0001,0.0109411311312
456,50,0.0001,0.0030310041905
457,50,0.0001,-0.00307906086572
458,50,0.0001,0.0108202700859
459,50,0.0001,0.00129156984678
460,50,0.0001,-0.0050643516347
461,50,0.0001,-0.00807287963151
462,50,0.0001,0.00829255699364
463,50,0.0001,0.0134819412304
464,50,0.0001,-0.00997688131952
465,50,0.0001,0.0161696092363
466,50,0.0001,0.00171194291336
467,50,0.0001,0.0109639395443
468,50,0.0001,0.00270748582892
469,50,0.0001,0.00274125399191
470,50,0.0001,0.014478614928
471,50,0.0001,-0.00349126886015
472,50,0.0001,-0.00617986825441
473,50,0.0001,-0.00208957827318
474,50,0.0001,-0.0148938280649
475,50,0.0001,0.0113954183192
476,50,0.0001,-0.0152507833029
477,50,0.0001,0.0031624886016
478,50,0.0001,-0.00489674292331
479,50,0.0001,-0.00361025686486
480,50,0.0001,0.00261878718251
481,50,0.0001,0.0120385812255
482,50,0.0001,-0.00300865810034
483,50,0.0001,0.00478169052444
484,50,0.0001,-0.0100603896715
485,50,0.0001,-0.00146666825741
486,50,0.0001,0.0200987354365
487,50,0.0001,-0.00203214831475
488,50,0.0001,0.0122729060225
489,50,0.0001,-0.00632147544952
490,50,0.0001,-0.00069887579204
491,50,0.0001,8.24045819277e-05
492,50,0.0001,-0.0157976133487
493,50,0.0001,0.00421815508012
494,50,0.0001,0.0106661212646
495,50,0.0001,-0.00837167690166
496,50,0.0001,-0.00154509062094
497,50,0.0001,-0.01164705399
498,50,0.0001,-0.0124003895363
499,50,0.0001,-0.0159228955474
500,100,0.0001,-0.00841378095765
501,100,0.0001,0.0226726642805
502,100,0.0001,-0.00323213105851
503,100,0.0001,0.00281694139096
504,100,0.0001,-0.00310744775551
505,100,0.0001,-0.00482461644724
506,100,0.0001,-0.00930507499859
507,100,0.0001,-0.0115264575775
508,100,0.0001,-0.00526092698755
509,100,0.0001,0.00879615031554
510,100,0.0001,0.00364445604897
511,100,0.0001,0.00263315394585
512,100,0.0001,-0.00430029104638
513,100,0.0001,0.00415625051477
514,100,0.0001,-0.00563721356295
515,100,0.0001,-0.00770738881284
516,100,0.0001,-0.00166479292925
517,100,0.0001,-0.00453894969481
518,100,0.0001,-0.00470335216707
519,100,0.0001,-0.0011044357168
520,100,0.0001,0.00116363166876
521,100,0.0001,-0.00591967317558
522,100,0.0001,0.00735888725664
523,100,0.0001,-0.0110831905532
524,100,0.0001,-0.00804981015137
525,100,0.0001,-0.00953111964256
526,100,0.0001,-0.00857779233778
527,100,0.0001,-0.000688246977351
528,100,0.0001,0.0119816698038
529,100,0.0001,0.024649681818
530,100,0.0001,0.000443223720467
531,100,0.0001,0.0514306570058
532,100,0.0001,-0.00432694969388
533,100,0.0001,0.0128992466683
534,100,0.0001,0.0215072572499
535,100,0.0001,-0.00364337273223
536,100,0.0001,0.000239375935587
537,100,0.0001,-0.0143835867184
538,100,0.0001,0.00206688807915
539,100,0.0001,-0.00686932322321
540,100,0.0001,-0.0023555812726
541,100,0.0001,-0.00392011653673
542,100,0.0001,-0.0163025089617
543,100,0.0001,-0.0120801113373
544,100,0.0001,-0.00844131041829
545,100,0.0001,0.00292284104832
546,100,0.0001,0.0115733311658
547,100,0.0001,0.000255119861893
548,100,0.0001,0.0159301487632
549,100,0.0001,0.00110040297111
550,100,0.0001,0.0128716366933
551,100,0.0001,-0.0120517241237
552,100,0.0001,0.0086505279028
553,100,0.0001,-0.0118679496749
554,100,0.0001,-0.00194881485644
555,100,0.0001,0.025395826893
556,100,0.0001,-0.00585115650886
557,100,0.0001,-0.00725189019813
558,100,0.0001,-0.00265124352061
559,100,0.0001,0.0115144520655
560,100,0.0001,0.0158809646284
561,100,0.0001,0.00779749756284
562,100,0.0001,-0.00990618638801
563,100,0.0001,-0.0049126894005
564,100,0.0001,0.0133721324311
565,100,0.0001,0.0173494376779
566,100,0.0001,0.00580582149453
567,100,0.0001,-0.00111147909138
568,100,0.0001,-0.0104013268232
569,100,0.0001,-0.00852412329142
570,100,0.0001,-0.0146794733079
571,100,0.0001,-0.00690870987217
572,100,0.0001,0.0166300823236
573,100,0.0001,0.00614079641871
574,100,0.0001,-0.00306117173625
575,100,0.0001,-2.06997765479e-05
576,100,0.0001,0.015329897082
577,100,0.0001,0.00183008976137
578,100,0.0001,-0.00597258113287
579,100,0.0001,-0.00421504249119
580,100,0.0001,-0.0115492835816
581,100,0.0001,0.0180079961252
582,100,0.0001,0.00201614716158
583,100,0.0001,-0.00770457523757
584,100,0.0001,0.00343453549271
585,100,0.0001,0.0139622122305
586,100,0.0001,0.0357410112802
587,100,0.0001,-0.0082595191824
588,100,0.0001,-0.00648903167551
589,100,0.0001,0.0118760383071
590,100,0.0001,-0.00883115541515
591,100,0.0001,-0.00644656985981
592,100,0.0001,-0.00273411198187
593,100,0.0001,-0.00292655163353
594,100,0.0001,0.016243006013
595,100,0.0001,0.0169466796926
596,100,0.0001,-0.00420127436253
597,100,0.0001,-0.00207462750617
598,100,0.0001,-0.000480574414977
599,100,0.0001,0.0170392188194
600,20,0.001,0.00730714227532
601,20,0.001,-0.000728506181721
602,20,0.001,-0.0107746007665
603,20,0.001,0.00112748340504
604,20,0.001,0.0068508490019
605,20,0.001,0.00883936053639
606,20,0.001,-0.00425743278803
607,20,0.001,0.00498314885993
608,20,0.001,0.0242602689843
609,20,0.001,-0.0123347921518
610,20,0.001,-0.00898636951095
611,20,0.001,-0.00907677364429
612,20,0.001,-0.00976715034732
613,20,0.001,0.0296226296048
614,20,0.001,-0.00743400761642
615,20,0.001,-0.00619412222999
616,20,0.001,0.00264948567435
617,20,0.001,-0.0149509089831
618,20,0.001,0.00538516536331
619,20,0.001,0.00553346987558
620,20,0.001,0.00165508496161
621,20,0.001,0.00590769979845
622,20,0.001,-0.00736270006993
623,20,0.001,-0.00107812406358
624,20,0.001,0.0133696317484
625,20,0.001,0.00811961786122
626,20,0.001,0.00702364339616
627,20,0.001,0.000604412490008
628,20,0.001,-0.0028858625716
629,20,0.001,-0.00537842074321
630,20,0.001,-0.00228903302299
631,20,0.001,-0.0057042935919
632,20,0.001,0.00965925807059
633,20,0.001,0.0285678307856
634,20,0.001,0.00392305029876
635,20,0.001,-0.00213978477578
636,20,0.001,-0.00785193290634
637,20,0.001,0.0265970961511
638,20,0.001,0.00295453282368
639,20,0.001,-0.00461394709935
640,20,0.001,-0.00812587579735
641,20,0.001,-0.0089728906796
642,20,0.001,-0.00964770482353
643,20,0.001,0.0168711793832
644,20,0.001,-0.0114758683569
645,20,0.001,0.0018279224508
646,20,0.001,-0.00296917677462
647,20,0.001,-0.000255000994883
648,20,0.001,0.00403043655811
649,20,0.001,-0.0144744752814
650,20,0.001,-0.00577478061515
651,20,0.001,0.00806521869627
652,20,0.001,0.0156710127312
653,20,0.001,-0.00658615731815
654,20,0.001,-0.00600625563361
655,20,0.001,-0.00896796719772
656,20,0.001,0.00938747942052
657,20,0.001,0.0105134763201
658,20,0.001,0.00651160326184
659,20,0.001,-0.00286801754515
660,20,0.001,-0.00877663219861
661,20,0.001,-0.00956144814288
662,20,0.001,0.00324663223849
663,20,0.001,-0.00617168404376
664,20,0.001,0.00299285154338
665,20,0.001,-0.00493917152773
666,20,0.001,-0.00553160536107
667,20,0.001,-0.015941599359
668,20,0.001,0.00302333218927
669,20,0.001,0.00763138428614
670,20,0.001,-0.00936725631507
671,20,0.001,-0.0107553067282
672,20,0.001,-0.00192721502875
673,20,0.001,-0.000869146148742
674,20,0.001,0.0351239879497
675,20,0.001,-0.0148662734632
676,20,0.001,-0.015484091393
677,20,0.001,-0.00513329163844
678,20,0.001,0.0118771012415
679,20,0.001,-0.0106382120196
680,20,0.001,-0.0075449377353
681,20,0.001,-0.0176975497168
682,20,0.001,-0.00567222159809
683,20,0.001,-0.00827612698713
684,20,0.001,-0.00372503214742
685,20,0.001,-0.00939697798013
686,20,0.001,-0.00575984739583
687,20,0.001,-0.0120020413642
688,20,0.001,-0.0108222652708
689,20,0.001,0.00378198752379
690,20,0.001,-0.00752899724123
691,20,0.001,0.0129723026583
692,20,0.001,0.0129713878514
693,20,0.001,0.0112990030382
694,20,0.001,-0.00346902923417
695,20,0.001,-0.00690276096468
696,20,0.001,-0.00700812570287
697,20,0.001,0.00748502592354
698,20,0.001,0.00787609687945
699,20,0.001,-0.00148071802743
700,50,0.001,-0.00660848963553
701,50,0.001,-0.00335086172007
702,50,0.001,-0.0123411589236
703,50,0.001,-0.00995789218092
704,50,0.001,0.0065987484476
705,50,0.001,0.0267638290544
706,50,0.001,0.0147509945839
707,50,0.001,0.00862782667471
708,50,0.001,-0.00582562494367
709,50,0.001,-0.00361254203973
710,50,0.001,-0.00351600851014
711,50,0.001,-0.00717839430851
712,50,0.001,0.00128483629922
713,50,0.001,0.023285480524
714,50,0.001,0.0161895000574
715,50,0.001,-0.000529648126384
716,50,0.001,0.00275082801251
717,50,0.001,-0.00174328719113
718,50,0.001,0.00559943886452
719,50,0.001,-0.00699203497099
720,50,0.001,-0.00375460089596
721,50,0.001,0.00100995094062
722,50,0.001,0.00688681839612
723,50,0.001,-0.0189927018377
724,50,0.001,-0.00534481057727
725,50,0.001,-0.0055456356231
726,50,0.001,-0.00295957364457
727,50,0.001,-0.0105473375139
728,50,0.001,-0.00277049152657
729,50,0.001,-0.00250595390906
730,50,0.001,-0.00952402028152
731,50,0.001,0.00392972041447
732,50,0.001,0.0145045949745
733,50,0.001,0.00593205219042
734,50,0.001,0.00917034523709
735,50,0.001,-0.0035729454621
736,50,0.001,0.0165490906086
737,50,0.001,0.0184462746459
738,50,0.001,-0.00488906656199
739,50,0.001,0.0110891797677
740,50,0.001,-0.00239615809069
741,50,0.001,-0.00411710516624
742,50,0.001,0.00519460337374
743,50,0.001,-0.0156175288698
744,50,0.001,-0.00760782144524
745,50,0.001,-0.00946555123975
746,50,0.001,0.0204815881427
747,50,0.001,-0.00481613769527
748,50,0.001,-0.000943200922818
749,50,0.001,0.00053479472153
750,50,0.001,-0.00902045698328
751,50,0.001,-0.0168948362572
752,50,0.001,-0.00719809904178
753,50,0.001,0.0084079633596
754,50,0.001,-0.0127577961706
755,50,0.001,0.00409130018851
756,50,0.001,-0.00393507061198
757,50,0.001,0.0198920798047
758,50,0.001,-0.00791576169937
759,50,0.001,-0.00547799746902
760,50,0.001,-0.00654013717421
761,50,0.001,-0.00101991919804
762,50,0.001,-0.00204729735398
763,50,0.001,-0.00618054336413
764,50,0.001,0.00189469357561
765,50,0.001,-0.00208384248864
766,50,0.001,-0.00804724590046
767,50,0.001,-0.00356731468131
768,50,0.001,-0.0126389989793
769,50,0.001,0.00827100807474
770,50,0.001,-0.0057553683938
771,50,0.001,-0.0129055367052
772,50,0.001,-0.0107152850535
773,50,0.001,0.0167974304591
774,50,0.001,-0.00503343869304
775,50,0.001,-0.00272191924488
776,50,0.001,-0.00916185846777
777,50,0.001,-0.0105036487007
778,50,0.001,-0.00377794324504
779,50,0.001,0.0129476623785
780,50,0.001,-0.00815108992089
781,50,0.001,-0.00313275876561
782,50,0.001,-0.000230763041216
783,50,0.001,-0.00683350717767
784,50,0.001,0.00409211101411
785,50,0.001,0.00925308785814
786,50,0.001,-0.00362774806526
787,50,0.001,-0.00598878935433
788,50,0.001,0.00120087636543
789,50,0.001,0.0071564206128
790,50,0.001,0.00317360866987
791,50,0.001,-0.0159074134588
792,50,0.001,-0.00751295207429
793,50,0.001,0.00273134285576
794,50,0.001,0.00388226645962
795,50,0.001,0.0048503202587
796,50,0.001,0.0203000826792
797,50,0.001,0.00394338442447
798,50,0.001,0.00740008842632
799,50,0.001,0.00351745453035
800,100,0.001,-0.0116847841604
801,100,0.001,-0.00327905592389
802,100,0.001,0.0180140364182
803,100,0.001,-0.00601447760464
804,100,0.001,-0.00349865740344
805,100,0.001,-0.0129172532027
806,100,0.001,0.00020233967018
807,100,0.001,-0.00292881084699
808,100,0.001,-0.00526926639986
809,100,0.001,-0.00931202765935
810,100,0.001,-0.00318215856386
811,100,0.001,0.000222764153383
812,100,0.001,-0.0102771287471
813,100,0.001,0.00168453997513
814,100,0.001,0.0159610865513
815,100,0.001,-0.00942660571749
816,100,0.001,-0.0125025374065
817,100,0.001,0.0480132012633
818,100,0.001,-0.00821213252165
819,100,0.001,0.0297880343372
820,100,0.001,-0.00191151975117
821,100,0.001,-0.00191949939525
822,100,0.001,0.000605052772402
823,100,0.001,0.00576241583524
824,100,0.001,0.0109490834825
825,100,0.001,0.00456601896525
826,100,0.001,-0.00654803499683
827,100,0.001,-0.000123460961081
828,100,0.001,-0.0057308076419
829,100,0.001,0.00044255063107
830,100,0.001,-0.00269870845906
831,100,0.001,0.0273468245292
832,100,0.001,0.0324698044358
833,100,0.001,0.000715292535739
834,100,0.001,-0.00771357636672
835,100,0.001,-0.00911550547503
836,100,0.001,-0.0139166489612
837,100,0.001,0.0251269913185
838,100,0.001,-0.00994853543543
839,100,0.001,-0.00943590587493
840,100,0.001,-0.0124102799352
841,100,0.001,-0.0038224536862
842,100,0.001,-0.00580548815333
843,100,0.001,0.0330481989661
844,100,0.001,0.00244965099233
845,100,0.001,-9.72050084933e-05
846,100,0.001,-0.0112703243172
847,100,0.001,-0.0115095736488
848,100,0.001,-0.00193927867146
849,100,0.001,-0.0113680454208
850,100,0.001,-0.000187415813598
851,100,0.001,0.00773836989565
852,100,0.001,0.00965544282825
853,100,0.001,0.0337504080106
854,100,0.001,0.00279139957805
855,100,0.001,0.010569779054
856,100,0.001,0.0124476370727
857,100,0.001,-0.00512565249227
858,100,0.001,0.000209533845721
859,100,0.001,-0.00395291827942
860,100,0.001,-0.01108873375
861,100,0.001,-0.00139187516581
862,100,0.001,-0.00122369576086
863,100,0.001,-0.010878909069
864,100,0.001,-0.00888658807587
865,100,0.001,0.00848973048595
866,100,0.001,-0.00749075407052
867,100,0.001,0.00872742428458
868,100,0.001,0.0117621382307
869,100,0.001,0.0033793700295
870,100,0.001,-0.00361489067544
871,100,0.001,-0.0139798165917
872,100,0.001,0.00185328372466
873,100,0.001,0.00570210493465
874,100,0.001,-0.00286574986527
875,100,0.001,-0.00904642094213
876,100,0.001,0.00823440816555
877,100,0.001,-0.0108208359194
878,100,0.001,-0.0101043707132
879,100,0.001,-0.0030814083638
880,100,0.001,0.0103007632413
881,100,0.001,-0.00698009286338
882,100,0.001,-0.00339096208505
883,100,0.001,-0.00908812879904
884,100,0.001,0.00119453023292
885,100,0.001,-0.00514066502827
886,100,0.001,-0.00780206108082
887,100,0.001,0.0205867542264
888,100,0.001,-0.0152371291226
889,100,0.001,8.20619298798e-05
890,100,0.001,0.00275283456061
891,100,0.001,0.0103033984037
892,100,0.001,0.0123654312311
893,100,0.001,-0.00662943987028
894,100,0.001,-0.00739023249826
895,100,0.001,-0.00950544242441
896,100,0.001,0.000120429847616
897,100,0.001,-0.000830032882501
898,100,0.001,0.00853055982267
899,100,0.001,-0.00965575488511
900,20,0.01,0.00560676515603
901,20,0.01,0.0170307962011
902,20,0.01,0.00128356000345
903,20,0.01,-0.0100753254786
904,20,0.01,-0.00791505885478
905,20,0.01,-0.00718870233214
906,20,0.01,-0.00879364476758
907,20,0.01,-0.0153379606195
908,20,0.01,-0.00155573869296
909,20,0.01,-0.0116066976278
910,20,0.01,0.00293072847609
911,20,0.01,-0.0110001212092
912,20,0.01,0.00391043096005
913,20,0.01,-0.0031738821165
914,20,0.01,0.0258361985746
915,20,0.01,0.0101168233835
916,20,0.01,0.00438517771066
917,20,0.01,0.00420125558846
918,20,0.01,-0.00189501621135
919,20,0.01,0.00958054870499
920,20,0.01,-0.00847932677039
921,20,0.01,-0.00401644726611
922,20,0.01,0.00559264150423
923,20,0.01,0.00621784119725
924,20,0.01,0.0142436191292
925,20,0.01,0.00524154755448
926,20,0.01,0.00140923002989
927,20,0.01,0.000135807573153
928,20,0.01,-0.00786874446222
929,20,0.01,-0.0133627008317
930,20,0.01,-0.013697612361
931,20,0.01,-0.0083070550888
932,20,0.01,-0.0136200057478
933,20,0.01,0.00211903082859
934,20,0.01,0.00947622855403
935,20,0.01,0.00586272553207
936,20,0.01,0.0133999542588
937,20,0.01,0.000744362084251
938,20,0.01,-0.0012509280042
939,20,0.01,-0.00875965266746
940,20,0.01,-0.01266509143
941,20,0.01,0.00202562023605
942,20,0.01,-0.00983070191918
943,20,0.01,-0.0117777832796
944,20,0.01,-0.00542542181199
945,20,0.01,-0.00811462481451
946,20,0.01,-0.0136894584507
947,20,0.01,-0.0135953959946
948,20,0.01,-0.00180329122515
949,20,0.01,-0.00925536614138
950,20,0.01,-0.0194954408407
951,20,0.01,-0.00899827291807
952,20,0.01,-0.0125258257736
953,20,0.01,-0.000614070952039
954,20,0.01,-0.00208738066589
955,20,0.01,0.0162057549158
956,20,0.01,0.0110708891381
957,20,0.01,-0.00798819985827
958,20,0.01,-0.00362224412011
959,20,0.01,-0.00223150677402
960,20,0.01,-0.00995975326723
961,20,0.01,0.016871327448
962,20,0.01,-0.0115091848553
963,20,0.01,0.00809049823964
964,20,0.01,0.00385521721474
965,20,0.01,-0.0108328426756
966,20,0.01,0.004621124861
967,20,0.01,-0.00712345209381
968,20,0.01,-0.0061455899678
969,20,0.01,0.000287068262801
970,20,0.01,-0.00952851441369
971,20,0.01,-0.00841306045132
972,20,0.01,0.00828468802349
973,20,0.01,0.00423691315548
974,20,0.01,0.00593979264628
975,20,0.01,0.0302002875573
976,20,0.01,-0.00637499051762
977,20,0.01,-0.00229394852394
978,20,0.01,0.0127607561409
979,20,0.01,-0.00615719529035
980,20,0.01,-0.00242931052496
981,20,0.01,0.0105262656038
982,20,0.01,0.00180649512237
983,20,0.01,-0.00545630162676
984,20,0.01,0.00460692896477
985,20,0.01,-0.00692188401899
986,20,0.01,-0.0102268954252
987,20,0.01,-0.00403765612038
988,20,0.01,0.00365033169553
989,20,0.01,-0.00751857319398
990,20,0.01,-0.0077224358203
991,20,0.01,-0.00729224780502
992,20,0.01,-0.000951179299859
993,20,0.01,0.0021014198915
994,20,0.01,-0.00517625811651
995,20,0.01,-0.00874264389807
996,20,0.01,-0.0191561150111
997,20,0.01,-0.0127138992066
998,20,0.01,0.000886801008264
999,20,0.01,-0.00697820214678
1000,50,0.01,-0.00883218743052
1001,50,0.01,0.011500531061
1002,50,0.01,-0.00417330647737
1003,50,0.01,0.000585498035527
1004,50,0.01,-0.00855430644439
1005,50,0.01,-0.00363652331896
1006,50,0.01,0.0129602637761
1007,50,0.01,-0.00304140728546
1008,50,0.01,-0.00606025333712
1009,50,0.01,-0.0105760831306
1010,50,0.01,0.0207033082262
1011,50,0.01,-0.0136780688989
1012,50,0.01,-0.00514076966278
1013,50,0.01,-0.00931774702734
1014,50,0.01,-0.0193589256849
1015,50,0.01,-0.0142535970368
1016,50,0.01,-0.0108717853458
1017,50,0.01,0.00737363246315
1018,50,0.01,0.0085737157371
1019,50,0.01,-0.000641858888945
1020,50,0.01,0.00722132143878
1021,50,0.01,-0.00965920273631
1022,50,0.01,0.00832232261899
1023,50,0.01,-0.00306655760847
1024,50,0.01,-0.0106990959522
1025,50,0.01,0.031495518509
1026,50,0.01,-0.00825332074508
1027,50,0.01,-0.000345329772667
1028,50,0.01,-0.000177008837785
1029,50,0.01,-0.000292234186329
1030,50,0.01,-0.00658779587049
1031,50,0.01,0.0580712434163
1032,50,0.01,0.0112345425092
1033,50,0.01,-0.00240857496722
1034,50,0.01,0.0116971511018
1035,50,0.01,0.0179478094034
1036,50,0.01,0.00128586870681
1037,50,0.01,0.00991523987524
1038,50,0.01,-0.00705109413948
1039,50,0.01,0.00493198989436
1040,50,0.01,0.00310505447152
1041,50,0.01,0.00993909868917
1042,50,0.01,0.0116946592274
1043,50,0.01,-0.0133151902272
1044,50,0.01,-0.0135755495471
1045,50,0.01,-0.0105216402786
1046,50,0.01,-0.0154382806925
1047,50,0.01,-0.000459971501277
1048,50,0.01,-0.00942553080474
1049,50,0.01,0.00779233807886
1050,50,0.01,-0.00243829297811
1051,50,0.01,-0.00611642032583
1052,50,0.01,-0.00755448605436
1053,50,0.01,-0.0103133221609
1054,50,0.01,-0.0133029734554
1055,50,0.01,-0.010727859966
1056,50,0.01,0.00623328544523
1057,50,0.01,-0.00851087225707
1058,50,0.01,-0.0139883163514
1059,50,0.01,0.000981217359839
1060,50,0.01,0.00711251172479
1061,50,0.01,-0.00725318989636
1062,50,0.01,0.0168200991966
1063,50,0.01,-0.0029562318846
1064,50,0.01,-0.00872902222446
1065,50,0.01,0.0236753423875
1066,50,0.01,0.00299230088701
1067,50,0.01,0.0154417420501
1068,50,0.01,-0.00810218083923
1069,50,0.01,-0.0076971444689
1070,50,0.01,-0.00662192494909
1071,50,0.01,0.0140440897508
1072,50,0.01,0.00876727226418
1073,50,0.01,-0.00643046865124
1074,50,0.01,-0.0119253157797
1075,50,0.01,0.010825538614
1076,50,0.01,0.00418672547543
1077,50,0.01,-0.00591340459669
1078,50,0.01,-0.00933215256592
1079,50,0.01,-0.00710691410801
1080,50,0.01,-0.0055996733883
1081,50,0.01,0.00234297912084
1082,50,0.01,-0.0107390401916
1083,50,0.01,0.00430768121435
1084,50,0.01,-0.0129471483346
1085,50,0.01,-0.00141555300036
1086,50,0.01,0.030033837808
1087,50,0.01,-0.00957269163637
1088,50,0.01,-0.00608105213994
1089,50,0.01,-0.00133871028177
1090,50,0.01,0.00439555542496
1091,50,0.01,0.00457368970643
1092,50,0.01,-0.0046901156973
1093,50,0.01,0.000371453882835
1094,50,0.01,-0.0185344461978
1095,50,0.01,0.0111002187863
1096,50,0.01,0.0121529472413
1097,50,0.01,0.00391558005367
1098,50,0.01,-0.0128640133183
1099,50,0.01,0.00118882173287
1100,100,0.01,0.0028710819431
1101,100,0.01,-0.00292719194333
1102,100,0.01,0.00806490903697
1103,100,0.01,0.0143182956121
1104,100,0.01,-0.0089466398117
1105,100,0.01,-0.00375760287583
1106,100,0.01,-0.00375607655278
1107,100,0.01,-0.00731364960182
1108,100,0.01,-0.0112655951493
1109,100,0.01,-0.0148261138053
1110,100,0.01,-0.00636019973086
1111,100,0.01,-0.00980873689188
1112,100,0.01,0.00219751592623
1113,100,0.01,-0.01075961029
1114,100,0.01,0.00023838532553
1115,100,0.01,0.00263728894029
1116,100,0.01,0.0192278749871
1117,100,0.01,-0.00200907036467
1118,100,0.01,0.0143592774446
1119,100,0.01,0.0162862371725
1120,100,0.01,-0.0159629757668
1121,100,0.01,-0.00540207178667
1122,100,0.01,-0.0144334737348
1123,100,0.01,-0.008394935712
1124,100,0.01,0.00413997023775
1125,100,0.01,-0.00336305339438
1126,100,0.01,-0.00275726122835
1127,100,0.01,0.023627291531
1128,100,0.01,-0.00873132841943
1129,100,0.01,-0.0142996135754
1130,100,0.01,0.00157831660362
1131,100,0.01,0.00275066022028
1132,100,0.01,0.0121959944808
1133,100,0.01,-0.00270078453233
1134,100,0.01,0.00508176170338
1135,100,0.01,-0.00910160465213
1136,100,0.01,-0.0146737275958
1137,100,0.01,-0.00495682078555
1138,100,0.01,-0.00273241737962
1139,100,0.01,-0.00111657248587
1140,100,0.01,0.0116068006078
1141,100,0.01,0.00782504015555
1142,100,0.01,-0.00439620810833
1143,100,0.01,-0.00297707155149
1144,100,0.01,-0.00275653401508
1145,100,0.01,0.0158204358782
1146,100,0.01,0.0122630221908
1147,100,0.01,0.0127194938276
1148,100,0.01,-0.00215953850512
1149,100,0.01,0.0431637016066
1150,100,0.01,0.00205688255495
1151,100,0.01,-0.00449545371262
1152,100,0.01,-0.00761898238867
1153,100,0.01,0.00404006074955
1154,100,0.01,0.0306378661943
1155,100,0.01,0.0114213018549
1156,100,0.01,0.000753758668476
1157,100,0.01,-0.00872691811472
1158,100,0.01,0.0125617190952
1159,100,0.01,-0.0105455005227
1160,100,0.01,0.0162222704331
1161,100,0.01,0.010343718404
1162,100,0.01,0.00521747928705
1163,100,0.01,-0.00410346047124
1164,100,0.01,0.000900890499472
1165,100,0.01,-0.00522615246928
1166,100,0.01,0.00961659443049
1167,100,0.01,-0.00449066167033
1168,100,0.01,-0.0081465773085
1169,100,0.01,-0.0188081345833
1170,100,0.01,-0.0144544599497
1171,100,0.01,0.0143088790552
1172,100,0.01,0.00064173457318
1173,100,0.01,0.0143263789379
1174,100,0.01,-0.0138866119467
1175,100,0.01,-0.00563438955324
1176,100,0.01,-0.00548944279986
1177,100,0.01,-0.013743664534
1178,100,0.01,-0.00211996613512
1179,100,0.01,-0.00734908842819
1180,100,0.01,0.00634460871139
1181,100,0.01,-0.0087073800895
1182,100,0.01,-0.0133404385107
1183,100,0.01,0.00146717114948
1184,100,0.01,-0.00135365286455
1185,100,0.01,0.0106210037008
1186,100,0.01,-0.000177584153551
1187,100,0.01,0.0142088969971
1188,100,0.01,-0.00724615941779
1189,100,0.01,-0.00214609407684
1190,100,0.01,-0.00776967791415
1191,100,0.01,0.0206677601268
1192,100,0.01,-0.0108827723937
1193,100,0.01,-0.0115770963531
1194,100,0.01,0.0201669099078
1195,100,0.01,0.0115034339629
1196,100,0.01,-0.000351366594141
1197,100,0.01,-0.00645148693492
1198,100,0.01,0.0104564081008
1199,100,0.01,0.0110760874409
